,명사,빈도
0,휴먼,3
1,아이디,11
2,사람,301
3,공식,66
4,경기,164
5,매칭,1716
6,생각,255
7,연속,29
8,상대,169
9,뭐,143
10,식이,1
11,던데,4
12,동일인,2
13,시대,3
14,정무,24
15,형님,15
16,제발,43
17,핑,125
18,끼리,159
19,패키지,18
20,탑,10
21,할인,2
22,나발,10
23,그냥,194
24,달,28
25,오만원,1
26,꼬라박,1
27,게임,573
28,움짤,1
29,포함,11
30,리그,82
31,단계,9
32,실패,14
33,실점,6
34,장면,10
35,분석,8
36,결선,6
37,진출,2
38,오늘,31
39,트로피,4
40,획득,1
41,시작,73
42,마자,1
43,패스,71
44,미스,3
45,에투,4
46,골,45
47,공,25
48,유형,8
49,요,58
50,이후,30
51,스피드,1
52,때문,136
53,수비,107
54,아예,22
55,포기,11
56,상황,87
57,막,10
58,방법,36
59,듯,23
60,직후,4
61,코너킥,4
62,운,12
63,세컨볼,2
64,추격,3
65,고질,1
66,문제,126
67,결정,19
68,부족,3
69,후,65
70,역습,8
71,침투,53
72,예측,2
73,커서,32
74,먼저,19
75,잡고,25
76,중앙,1
77,변환,1
78,타이밍,12
79,갑자기,21
80,횡,3
81,명,60
82,바람,4
83,적,21
84,컷,14
85,마지막,19
86,패널,5
87,슬태,1
88,반박,25
89,거,148
90,최근,19
91,자주,36
92,패턴,3
93,부분,52
94,정말,32
95,감사,2
96,공격,38
97,추가,35
98,따윈,2
99,싹,9
100,측면,7
101,토,10
102,슛,35
103,위해,48
104,전술,57
105,루니,1
106,윙,6
107,배치,21
108,크라우치,2
109,키,988
110,수비수,8
111,일부러,7
112,투입,5
113,뚝배기,1
114,결과,23
115,득점,8
116,번의,2
117,기회,8
118,더,186
119,원인,3
120,불어,2
121,패,79
122,마감,5
123,컴퓨터,21
124,보상,55
125,제한,11
126,경고,2
127,아침,4
128,일찍,1
129,계속,92
130,레만,1
131,승급,20
132,전도,1
133,벽,6
134,크게,18
135,연구,5
136,알,45
137,피파,306
138,진심,15
139,인정,31
140,터,13
141,무늬,2
142,글,92
143,내용,31
144,욕설,4
145,비방,2
146,댓글,22
147,무조,1
148,껀,3
149,신고,5
150,요즘,34
151,분리,822
152,이야기,20
153,보드,893
154,패드,1058
155,상관,10
156,나이,15
157,해주,6
158,잼민,5
159,안,73
160,클럽,354
161,전,103
162,카톡,16
163,방,53
164,서로,47
165,관심,10
166,신분,9
167,공유,10
168,한번,57
169,구합,46
170,니,84
171,가입,71
172,조건,20
173,만,42
174,세,35
175,디스,42
176,코드,52
177,참여,94
178,가능,102
179,공지,19
180,소통,60
181,카카오,64
182,톡,91
183,오픈,41
184,채팅,55
185,기부,21
186,주간,10
187,아이콘,60
188,로드,31
189,특징,19
190,활발,18
191,토너먼트,33
192,통해,30
193,소정,16
194,상품,16
195,지급,21
196,내전,41
197,자유,32
198,말씀,49
199,팀,268
200,도움,35
201,관련,50
202,사항,62
203,부캐,85
204,원,21
205,프로,86
206,린저,29
207,유저,683
208,층,24
209,포인트,20
210,현재,46
211,내부,16
212,리그전,32
213,대회,42
214,진행중,18
215,신규,46
216,가입자,16
217,문의,63
218,필수,40
219,실행,27
220,검색,33
221,의방,25
222,양식,16
223,웹,16
224,링크,17
225,온라인,28
226,렙,5
227,연승,43
228,단일,5
229,슈챔,67
230,도전,8
231,진짜,166
232,지옥,5
233,중,63
234,이기,51
235,점,189
236,지면,22
237,방금,6
238,다가,14
239,연패,40
240,멘탈,11
241,슈챌,56
242,챔스,155
243,가면,14
244,슈챌가,1
245,반복,13
246,가끔,24
247,내지,2
248,억,18
249,어제,15
250,강등,30
251,건,42
252,처음,45
253,정도,130
254,레이,8
255,팅,5
256,난리,7
257,스,10
258,그게,27
259,채은,1
260,레전드,5
261,매치,31
262,홍행,1
263,취소,18
264,유임,2
265,초대권,1
266,만석,1
267,기네,2
268,트레블,1
269,링,2
270,추진,2
271,라싱,2
272,측,6
273,런,2
274,초창,7
275,기,24
276,그룹,6
277,설득,1
278,투자,14
279,약속,3
280,막상,8
281,한국,152
282,진행,29
283,노쇼,1
284,날,26
285,기업,10
286,역량,1
287,늘,6
288,사건,10
289,판,130
290,한판,26
291,잔류,19
292,맛,13
293,안나,6
294,부,92
295,계정,14
296,금카,14
297,티어,354
298,만하,10
299,꼭,28
300,섭종,26
301,개인,41
302,지금,138
303,엔진,15
304,사실,49
305,얘,10
306,피시방,13
307,점유,13
308,율,15
309,도,107
310,의심,4
311,드,8
312,내일,2
313,구단,116
314,가치,147
315,거지,17
316,내,172
317,바램,1
318,거기,16
319,비례,4
320,점수,96
321,가지,39
322,원리,1
323,절대,36
324,무조건,26
325,모먼트,46
326,도배,7
327,레벨,14
328,카,29
329,만남,14
330,랜덤,31
331,시스템,97
332,놨음,1
333,제로,6
334,이제,47
335,당,2
336,승격,33
337,눈,15
338,보이,12
339,놀,1
340,등급,11
341,위,60
342,피로,5
343,확,7
344,시즌,140
345,기간,4
346,짓,6
347,공경,113
348,점점,14
349,매우,11
350,친구,33
351,세번,3
352,마이너,1
353,스임,2
354,겜,118
355,무고,1
356,느낌,47
357,나만듬,1
358,친선,49
359,인물,17
360,이듬,2
361,인간,11
362,실력,87
363,안보,9
364,체감,49
365,차넥,1
366,해도,57
367,감모,57
368,인겜,1
369,개판,7
370,클린스만,1
371,베트남전,1
372,흥민,1
373,소집,1
374,개,161
375,나름,8
376,피파랭킹,1
377,전적,12
378,경험,8
379,챔스리그,1
380,달달,2
381,이적,10
382,시장,9
383,강데때,1
384,선수,189
385,첼시,18
386,노,5
387,사선,11
388,드리블,48
389,가속,2
390,속,19
391,는걸,17
392,우대,11
393,장점,8
394,가요,31
395,도대체,17
396,뭔,3
397,롤,33
398,라면,6
399,승점제,6
400,풋볼,4
401,캄프누,1
402,바르사,1
403,움직임,27
404,해설,3
405,한준희,1
406,그래픽,10
407,제일,19
408,축구,51
409,사과,7
410,얼,1
411,운영,38
412,놈,30
413,머리,11
414,전반,7
415,리드,1
416,기권,2
417,몰수,32
418,승,53
419,종료,19
420,후반,8
421,연습,31
422,한참,5
423,경우,75
424,상대방,46
425,승점,18
426,넥슨,160
427,고객,5
428,센터,8
429,연휴,2
430,답변,27
431,꼬,2
432,라지,2
433,대한,27
434,이용,24
435,불편,5
436,구단주,19
437,정보,15
438,요소,9
439,영향,19
440,데이터,11
441,과정,2
442,발생,27
443,수,181
444,최소,9
445,네트워크,28
446,오류,40
447,서버,76
448,렉,30
449,현상,51
450,개선,54
451,항목,2
452,지속,3
453,검토,2
454,주님,2
455,마다,6
456,환경,16
457,시일,1
458,해결,42
459,집중,6
460,안내,6
461,기록,16
462,복구,3
463,실시간,5
464,반영,11
465,거나,25
466,수정,30
467,불,8
468,안정,8
469,튕김,3
470,일부,15
471,케이스,3
472,자체,40
473,무효,7
474,처리,11
475,비정상,12
476,모든,23
477,앞,27
478,방안,9
479,최선,8
480,다시,59
481,노력,51
482,타령,4
483,공화국,1
484,박살,5
485,다이렉트,4
486,정,12
487,미도,2
488,보정,101
489,사이,16
490,수가,17
491,살짝,7
492,밀리,2
493,세상,7
494,정상,23
495,이면,28
496,말,157
497,퍼터,14
498,턴,7
499,동작,3
500,탈,9
501,압박,16
502,그거,13
503,방향키,26
504,슛키,1
505,인풋,1
506,중거리,22
507,파워,12
508,게이지,4
509,조절,8
510,지방,17
511,하이,5
512,임,198
513,스팀,4
514,소린,1
515,오버,13
516,워치,4
517,데,33
518,수도권,13
519,이해도,6
520,국내,2
521,일본,10
522,멀리,3
523,사용,66
524,스트림,1
525,방송,12
526,요구,23
527,제주도,4
528,뜰,2
529,수도,15
530,바다,1
531,건너,1
532,오사카,1
533,님들,12
534,순간,21
535,방이,2
536,유니폼,23
537,정지,8
538,인,58
539,아시,16
540,분,122
541,은,27
542,이해,31
543,추석,1
544,모니터링,4
545,승률,31
546,극복,11
547,별,23
548,손가락,13
549,양반,4
550,파서,3
551,대체,18
552,걔네,3
553,붙이,2
554,차근차근,2
555,아다리,15
556,좆,12
557,고수,10
558,자꾸,22
559,컨디션,7
560,씨발,18
561,고승,1
562,급전,10
563,처,11
564,스탯,8
565,다운,3
566,딥빡임챔스,1
567,볼돌,12
568,스트레스,18
569,피,53
570,승패,23
571,판수,15
572,전설,3
573,샷건,2
574,킥,2
575,오프,4
576,튕겨,1
577,기전,2
578,점검,11
579,지도,2
580,못,56
581,간,9
582,잘못,13
583,계보,2
584,슈,20
585,점최,1
586,하위,20
587,게,49
588,초기,11
589,기도,11
590,빡쎼,2
591,효,3
592,작,4
593,무료,8
594,위닝,9
595,라이센스,3
596,명칭,1
597,페이스,3
598,온,4
599,패치,78
600,필요,27
601,구매,8
602,천장,2
603,천만원,2
604,굴리트,3
605,보장,2
606,주기,5
607,중국,3
608,임금,1
609,격차,18
610,서민,4
611,빈부격차,1
612,돈,46
613,게이머,6
614,성지,1
615,대충,14
616,해,44
617,주니,1
618,보고,55
619,아시아,2
620,국가,3
621,차별,2
622,스스로,6
623,의견,34
624,시도,4
625,특허,1
626,가챠,1
627,확률,20
628,소비자,1
629,우롱,1
630,메이플,5
631,페그오,1
632,사고,10
633,뉴스,3
634,공론,5
635,유튜브,22
636,채널,5
637,활성화,2
638,디렉터,2
639,일방,3
640,통보,1
641,랍시고,2
642,짝,2
643,좀해,5
644,볼때,2
645,캠페인,1
646,현질,37
647,현역,10
648,잠수함,3
649,금,12
650,오후,13
651,최적화,17
652,작업,10
653,재,24
654,접속,17
655,아래,28
656,추후,5
657,예정,8
658,시점,6
659,확정,6
660,혼란,4
661,악마,1
662,버전,6
663,무,28
664,적용,23
665,이전,9
666,중이,10
667,셨던,1
668,완료,10
669,별도,1
670,자동,37
671,감독,49
672,모드,75
673,시,55
674,팝업,3
675,노출,2
676,라커룸,3
677,야야,1
678,투레,1
679,차비,1
680,스크린샷,1
681,촬영,1
682,클래스,7
683,션,12
684,롱,1
685,스태프,1
686,액션,1
687,샷,1
688,미니,33
689,화면,18
690,설정,47
691,품질,3
692,특정,13
693,변경,25
694,단,13
695,번,69
696,술,2
697,운전,2
698,음주,2
699,발,30
700,교불,7
701,일괄,4
702,삭제,17
703,거래,4
704,교환,8
705,금카팀,5
706,하향,8
707,차,21
708,넥필,18
709,철회,9
710,뉴택틱,4
711,특성,12
712,무전,1
713,무죄,1
714,유전,9
715,유죄,1
716,끝,16
717,투쟁,2
718,하리,1
719,겜할떄,1
720,서든,3
721,팀전,3
722,대결,4
723,다해,4
724,난,33
725,걱정,4
726,면,11
727,유입,12
728,초보,2
729,진입,7
730,장벽,5
731,접,10
732,기존,20
733,학,10
734,얼른,1
735,고의,5
736,구분,8
737,애,94
738,어웨이,1
739,굳이,28
740,스쿼드,29
741,시발,29
742,련,3
743,모바일,46
744,경과,1
745,인성,5
746,질좀,2
747,스타,3
748,새벽,18
749,부계,4
750,세레머니,8
751,버그,38
752,볼타,21
753,유효,1
754,슈팅,7
755,무한,9
756,함,124
757,고정,7
758,레반,10
759,리즈,2
760,수지,1
761,피온,79
762,섭종함,1
763,최고,25
764,아마추어,2
765,최하,3
766,파티,3
767,명끼,1
768,악용,3
769,롤로,1
770,치면,10
771,아이언,3
772,린,58
773,제도,4
774,상향,16
775,평준화,2
776,넘빡쏌,1
777,뭔가,21
778,따리,13
779,그것,8
780,관계,3
781,사바,1
782,항상,18
783,봄,29
784,대표,6
785,차단,5
786,어플,3
787,관리,5
788,둘중에하나,1
789,손,35
790,어캐이김,1
791,판이,17
792,때매,5
793,편이,4
794,나머지,7
795,얘기,51
796,주관,6
797,뇌피셜,4
798,어차피,35
799,유도,7
800,지게,4
801,존재,15
802,사서,17
803,이유,103
804,좀더,11
805,도달,5
806,갈수,3
807,격수,8
808,능력,35
809,가정,17
810,에이,1
811,치가,8
812,뿐,15
813,록,2
814,설계,7
815,평소,11
816,도록,3
817,발휘,1
818,값어치,2
819,해논판,1
820,너프,13
821,구현,18
822,전이,3
823,뜻,9
824,누가,31
825,예전,16
826,아파트,1
827,확신,5
828,난후,1
829,전화,2
830,물어,1
831,주말,14
832,저녁,13
833,시간대,4
834,다그,1
835,어땟,1
836,도저히,10
837,비등,4
838,값,3
839,겨,3
840,상대로,9
841,도출,1
842,무언가,4
843,장치,5
844,누군가,10
845,은피,1
846,단어,3
847,랭커,8
848,프로게이머,12
849,주더,1
850,극단,7
851,이진,1
852,납득,8
853,무기,2
854,놨단,1
855,피파온라인,40
856,뭐시기,3
857,확인,23
858,패배,7
859,인터넷,11
860,친선경기,7
861,팁,8
862,원격,1
863,도우미,2
864,앱,6
865,역,6
866,힙니,1
867,보시,9
868,검증,2
869,초반,11
870,물개,3
871,오각형,1
872,덕분,4
873,기반,29
874,포메,11
875,입맛,2
876,조정,19
877,약,7
878,상위,49
879,유지,37
880,해당,25
881,구간,28
882,군용,1
883,포,15
884,중미,3
885,명일,2
886,답,20
887,기용,1
888,방식,19
889,마찬가지,18
890,윙어,8
891,가담,1
892,처럼,13
893,아센,1
894,시오,1
895,아무,8
896,볼,52
897,에시앙,3
898,활동,4
899,량,1
900,카제,1
901,고레츠카,1
902,비에이라,2
903,피지,8
904,컬맨,1
905,추천,17
906,스태미너,1
907,적극,2
908,별로,27
909,정답,5
910,최종,3
911,목표,6
912,주차,15
913,역시,12
914,마무리,21
915,승하,3
916,닉네임,13
917,밥,6
918,묵자,1
919,노잼,4
920,제라,2
921,이하,8
922,감,20
923,슈퍼,9
924,챔피언스,23
925,월드,8
926,제인,1
927,질문,14
928,집,14
929,일주일,8
930,번은,6
931,속도,13
932,체크,11
933,업,12
934,다운로드,4
935,변화,5
936,근처,2
937,빡매칭,1
938,디코,14
939,재접,4
940,열,13
941,역대,9
942,일전,1
943,넘사벽,1
944,정작,8
945,문제점,6
946,클래식,1
947,차넥필,4
948,랭킹,8
949,의식,5
950,버젼,3
951,도안,7
952,테스트,7
953,구장,1
954,프로토타입,1
955,찍,21
956,객관,3
957,지표,8
958,파악,4
959,씹트워크,1
960,에러,13
961,패승,1
962,뮌헨,5
963,보기,17
964,이건,62
965,짝발,3
966,캐,11
967,요건,1
968,게르만,1
969,듀오,1
970,가격,12
971,무방,3
972,알박,1
973,매물,7
974,보,23
975,가성,6
976,비,25
977,첼린저급,2
978,팀운,1
979,첼린져,2
980,랭겜,1
981,감각,2
982,스타일,10
983,캐리,1
984,낫,3
985,의미,28
986,부인,4
987,알기,2
988,떄매,1
989,하든,7
990,공경기,1
991,초,19
992,매달,1
993,뭐합,1
994,와이드,1
995,모니터,21
996,대해,42
997,하나요,12
998,컨텐츠,17
999,세분,1
1000,프로리그,2
1001,피해,15
1002,물,21
1003,안함,16
1004,존나,52
1005,어케,2
1006,지랄,20
1007,씨,11
1008,건아,1
1009,니지,1
1010,중반,7
1011,지나,2
1012,갓,2
1013,다다,2
1014,보통,13
1015,왓다갓다,1
1016,재밋는데,1
1017,티오,1
1018,피린,6
1019,참고,16
1020,통,5
1021,스레기,1
1022,둘이서,3
1023,연결,15
1024,오류로,4
1025,개탄,1
1026,느,1
1027,라인,10
1028,유행,2
1029,열중,1
1030,컨트롤,12
1031,짓거리,3
1032,형평성,9
1033,업뎃,1
1034,주로,4
1035,기본,22
1036,원래,38
1037,본인,97
1038,짜증,5
1039,남,24
1040,모집,7
1041,다우,9
1042,항만,9
1043,미션,17
1044,최대한,13
1045,본캐,27
1046,마냥,18
1047,맨시티,8
1048,하이라이트,3
1049,에데르,1
1050,송,1
1051,면상,1
1052,손겜,3
1053,이범영,5
1054,차이,58
1055,헛발질,1
1056,골대,5
1057,방향,48
1058,크로스,18
1059,대각선,5
1060,얼척,1
1061,햇,3
1062,고,15
1063,선심,2
1064,척,4
1065,뭘,13
1066,마이너스,1
1067,수두,2
1068,비커,2
1069,잡지,2
1070,미스테리,1
1071,도해,4
1072,왜인,2
1073,안눌리,1
1074,성인,3
1075,인원,7
1076,밑,17
1077,구가,10
1078,부자,1
1079,레전더,40
1080,리,35
1081,현,10
1082,폰,4
1083,컴,4
1084,부근,2
1085,저번,12
1086,러더,1
1087,클리,5
1088,이름,23
1089,좀바,2
1090,새,15
1091,라이브,6
1092,짐,14
1093,안해,9
1094,왜이맇,1
1095,주네,2
1096,타임,2
1097,외,7
1098,본적,11
1099,한계,19
1100,옛날,9
1101,개편,1
1102,학충,1
1103,버스,1
1104,가장,39
1105,낮,5
1106,판하,7
1107,쫌,4
1108,첫날,3
1109,런가,10
1110,지난,5
1111,두,11
1112,회복,3
1113,채굴,14
1114,민심,2
1115,나락가,1
1116,쌍욕,1
1117,인심,1
1118,개빡셈,1
1119,즐겜,7
1120,데스,1
1121,쿼드,1
1122,완성,5
1123,기념,2
1124,쭉,11
1125,빡세,15
1126,서유,1
1127,튭,1
1128,그대로,22
1129,여서,2
1130,음녀,1
1131,경안,1
1132,까비,1
1133,문지기,1
1134,살라,1
1135,건가,19
1136,본케,1
1137,부케,3
1138,슈챌문턱,1
1139,이길런,1
1140,질껀,1
1141,번지,2
1142,고찰,1
1143,이글,4
1144,궁금증,1
1145,이나,12
1146,필연,1
1147,유추,1
1148,수준,26
1149,논리,39
1150,실험,7
1151,훈코,6
1152,보유,6
1153,막판,5
1154,상태,12
1155,하니,5
1156,만난,1
1157,질,7
1158,지고,13
1159,나니,1
1160,엔진오일,1
1161,걸,66
1162,교체,4
1163,차량,1
1164,식,20
1165,경향,1
1166,소리,43
1167,전의,1
1168,쯤,4
1169,격전,7
1170,몇번,9
1171,심리전,3
1172,커버,4
1173,불만,15
1174,다한,2
1175,메타,13
1176,선,12
1177,호도,1
1178,센스,1
1179,개개인,5
1180,자리,11
1181,기기,9
1182,순,6
1183,편법,4
1184,정리,9
1185,자고,4
1186,직접,14
1187,당황,6
1188,움,8
1189,안당,1
1190,똥손,3
1191,불운,1
1192,평점,4
1193,정모,2
1194,이용자,4
1195,토츠,6
1196,거품,2
1197,잔뜩,1
1198,젠,14
1199,린지,5
1200,리리,5
1201,플레이,87
1202,하루,19
1203,창,13
1204,컬러,21
1205,프랑스,11
1206,잉글,3
1207,레알,12
1208,기준,20
1209,프,7
1210,뮌,4
1211,보임,11
1212,순위,25
1213,이상은,7
1214,성능,21
1215,아스널,1
1216,체굴,1
1217,졸업,1
1218,겸,1
1219,수직,5
1220,상승,4
1221,슈챌들,1
1222,개뚜,1
1223,운빨,1
1224,슈챌찍먹,1
1225,전방,1
1226,컬,6
1227,버프받,1
1228,가망,1
1229,은애,9
1230,목각,1
1231,인형,2
1232,레이턴,2
1233,병신,32
1234,강화,18
1235,제물,1
1236,대박,1
1237,보신,4
1238,도민,2
1239,호피,2
1240,닉,10
1241,닉넴,3
1242,좐필빠,1
1243,세팅,1
1244,랄,2
1245,영상,34
1246,추락,1
1247,옴,3
1248,커트,1
1249,밖,10
1250,점질때,1
1251,직원,2
1252,뇌,2
1253,구석,6
1254,형,4
1255,공중,4
1256,분해,1
1257,비명,1
1258,횡사,1
1259,내내,5
1260,불행,1
1261,길,9
1262,걷기,1
1263,오전,2
1264,급여,24
1265,전판,3
1266,판도,3
1267,줌,6
1268,갈라,14
1269,추세,1
1270,누누,1
1271,인지,9
1272,저건,1
1273,절반,5
1274,대기,15
1275,만날,12
1276,법,7
1277,화가,5
1278,자연,4
1279,난이도,4
1280,이상인,4
1281,소화,1
1282,지난주,2
1283,주일,3
1284,첫,12
1285,뭔지,1
1286,두번째,2
1287,어뷰징,28
1288,프린스,1
1289,루,2
1290,조회,2
1291,영광,2
1292,증거,5
1293,제시,4
1294,프티,3
1295,슈챔찍으심제,1
1296,튕,3
1297,기고,2
1298,메,5
1299,무지,13
1300,랭크,8
1301,행위,9
1302,정의,7
1303,사유,3
1304,정책,2
1305,승부,3
1306,조작,15
1307,경쟁,11
1308,방해,1
1309,부정,6
1310,영구,1
1311,조치,5
1312,사안,2
1313,슈챔권,3
1314,셀,1
1315,유혹,1
1316,패가,9
1317,우연,1
1318,의도,5
1319,처분,1
1320,양심,3
1321,약관,1
1322,규정,1
1323,지적,1
1324,양해,2
1325,자정,2
1326,작용,6
1327,혹,2
1328,욕,41
1329,침묵,2
1330,논란,17
1331,주장,79
1332,근절,1
1333,양하,1
1334,분위기,2
1335,조성하,1
1336,로서,6
1337,클린,4
1338,리가,6
1339,개발,10
1340,업데이트,10
1341,평균,14
1342,그동안,5
1343,보지,4
1344,줄창,1
1345,헛,1
1346,거임,12
1347,기분,10
1348,안듬,1
1349,개발자,7
1350,돈슨,1
1351,개새끼,4
1352,체계,2
1353,엉망,4
1354,과거,4
1355,이벤트,26
1356,페이지,5
1357,당시,11
1358,기억,4
1359,치명,2
1360,수년,3
1361,방치,11
1362,중임,5
1363,비유,1
1364,하자,24
1365,세미프로,7
1366,초보자,1
1367,구조,4
1368,인팟,4
1369,일반,8
1370,솔로,1
1371,학살,1
1372,탈주,2
1373,일정,12
1374,제재,5
1375,가까이,6
1376,대답,1
1377,쇠,2
1378,공감,13
1379,달동,1
1380,개항,1
1381,목,4
1382,개도,1
1383,개중,2
1384,대부분,65
1385,몇개,4
1386,관중,1
1387,프딱,5
1388,쪽,23
1389,랩,1
1390,안쪽,2
1391,부부,4
1392,입문,7
1393,친목,1
1394,뭐임,9
1395,알람,3
1396,가량,1
1397,골차,1
1398,개열,2
1399,입,10
1400,역전,2
1401,매너,10
1402,핑계,7
1403,창낼,1
1404,테섭,9
1405,미련,3
1406,필독,1
1407,성공,4
1408,번만,2
1409,스페이스바,3
1410,타,4
1411,로딩,5
1412,쩜쩜쩜쩜,1
1413,순서,2
1414,스패셜,1
1415,퍼스트,2
1416,투,6
1417,초대,2
1418,자책골,1
1419,인벤,49
1420,구한,1
1421,돌리시,1
1422,불신,1
1423,화이팅,3
1424,마,6
1425,넥필때,1
1426,설문,3
1427,분명,8
1428,징징,25
1429,일낭러,1
1430,수십,2
1431,무방비,1
1432,타오,3
1433,도랏,1
1434,오지,3
1435,꽤,7
1436,마하,1
1437,본격,2
1438,골도,2
1439,막고해,1
1440,재미,25
1441,승은,1
1442,며칠,10
1443,웟,1
1444,도보,1
1445,등수,6
1446,이틀,6
1447,머,13
1448,수치,7
1449,예찬,1
1450,론,5
1451,의문,2
1452,밸런스,20
1453,인기,31
1454,찬양,5
1455,무시,6
1456,우스,2
1457,키보,39
1458,전혀,9
1459,톨리소,2
1460,습,1
1461,댕,1
1462,즐겜즐겜,1
1463,거때매,1
1464,설치,2
1465,하라,14
1466,박,9
1467,수렴,2
1468,거불,1
1469,월욜,1
1470,다행,2
1471,상한선,1
1472,구성,6
1473,반니,1
1474,여러,8
1475,라카,1
1476,제트,1
1477,르,1
1478,마르,1
1479,캉테,1
1480,앙리,1
1481,파,8
1482,바란,1
1483,카타르,2
1484,칼,7
1485,룰루,1
1486,포그바,1
1487,방탄,1
1488,홈그,1
1489,라비,1
1490,토티,5
1491,리스,2
1492,유로,1
1493,라퐁,1
1494,후기,7
1495,댓,3
1496,작성,6
1497,스텟,4
1498,고생,6
1499,제기,2
1500,함후,1
1501,평균핑,1
1502,거짓말,1
1503,지역,14
1504,찾기,1
1505,판연,1
1506,부도,1
1507,요새,6
1508,왤케,1
1509,만초,1
1510,슬슬,4
1511,딥빡,2
1512,휴면,1
1513,담,3
1514,막말,6
1515,편차,2
1516,곳임,1
1517,첼,17
1518,탈출,3
1519,수하,1
1520,현지,1
1521,대도,2
1522,병,13
1523,신인,1
1524,강제,12
1525,수해,1
1526,적응,25
1527,이득,31
1528,기술,12
1529,씹샛,1
1530,발련들,1
1531,무승부,9
1532,키렉,14
1533,환,1
1534,콜라보,1
1535,빡,4
1536,뒤,24
1537,커녕,1
1538,복만,1
1539,점차,5
1540,복귀,6
1541,재산,4
1542,성별,3
1543,크기,3
1544,슈챔찍는,1
1545,소수,7
1546,완전,6
1547,묵살,1
1548,치,26
1549,실수,7
1550,룰,1
1551,컷팅능력,1
1552,신급,1
1553,분전,1
1554,경하,2
1555,리기,5
1556,공겸,1
1557,떡락,4
1558,불가,3
1559,쿼드로,5
1560,땐,10
1561,비율,18
1562,일수,2
1563,학질,1
1564,태반,1
1565,생태계,2
1566,파괴,1
1567,추글,8
1568,이분,4
1569,봉훈,1
1570,언급,14
1571,유정훈,2
1572,스샷,3
1573,출처,1
1574,상임,4
1575,다기,1
1576,나나,2
1577,맞춤,1
1578,떄,3
1579,웨이,3
1580,스팅,1
1581,이빨,1
1582,명치,1
1583,정혁,1
1584,드립,12
1585,컨셉,2
1586,충,24
1587,줄알,1
1588,바르샤,1
1589,용이,5
1590,데용,1
1591,선제골,2
1592,강남스타일,1
1593,동점골,1
1594,백수,2
1595,넹,3
1596,엔딩,3
1597,결정전,1
1598,안치,1
1599,쉐도우,1
1600,복싱,1
1601,크로스플랫폼,2
1602,디아블로,1
1603,폭도,1
1604,케미,12
1605,바탕,1
1606,유,11
1607,롯,1
1608,고민,5
1609,교류,8
1610,클랜,20
1611,라운지,1
1612,전문,9
1613,환영,10
1614,클릭,12
1615,직급,9
1616,맵,3
1617,눈뽕,2
1618,경기장,4
1619,노골,1
1620,세레모니,4
1621,트롤,2
1622,기능,28
1623,바랬,1
1624,영국,1
1625,리버풀,5
1626,아주,7
1627,소,1
1628,장난,1
1629,닼,1
1630,접지,1
1631,고급,5
1632,키퍼,8
1633,증명,1
1634,부임,2
1635,챔피언,1
1636,빨,11
1637,음,9
1638,훨신,1
1639,프레임,4
1640,판꼴,1
1641,화좀,1
1642,칭구들,1
1643,화내,1
1644,시발련,1
1645,벅벅,1
1646,티비,2
1647,손해,7
1648,오자,1
1649,핫,10
1650,검사,12
1651,힐링,2
1652,대전,5
1653,작년,5
1654,연말,1
1655,판매,6
1656,반나절,2
1657,고문,1
1658,금은,4
1659,분당,1
1660,사이트,1
1661,리젠,1
1662,글좀,1
1663,한지,2
1664,개월,11
1665,코인,1
1666,제대로,7
1667,감탄,1
1668,배움,2
1669,즐거움,1
1670,저리,5
1671,호날두,4
1672,삐,3
1673,이량,1
1674,쌔,2
1675,빈공간,1
1676,격수들,2
1677,등지,1
1678,스킬,5
1679,마킹,1
1680,전개,10
1681,이안,2
1682,헤딩,5
1683,한게임,5
1684,부트,2
1685,게뇨,2
1686,여태껏,1
1687,바보,4
1688,투톱,3
1689,댕겨,1
1690,수미,6
1691,다득점,2
1692,이내,5
1693,승리,11
1694,강박,2
1695,하루살이,1
1696,거즘,1
1697,편,8
1698,바라지,5
1699,홈피,4
1700,장문,4
1701,푸념,2
1702,게시판,14
1703,핫햇던,1
1704,어쩌냐,1
1705,요키,1
1706,생존,2
1707,싸움,6
1708,총,8
1709,명검,1
1710,획기,1
1711,대안,3
1712,치기,5
1713,선택,53
1714,전향,12
1715,흑백,2
1716,겟,1
1717,구별,1
1718,코리아,4
1719,담당,4
1720,출시,25
1721,관,4
1722,설명,22
1723,여러가지,10
1724,트레이드,11
1725,재료,2
1726,실상,1
1727,본부장,1
1728,백섭,2
1729,천명,1
1730,강도,2
1731,졷같,1
1732,졷,2
1733,배율,3
1734,귀속,8
1735,뻥튀기,2
1736,취,1
1737,살수,2
1738,시세,4
1739,양발퍼주,1
1740,사기,8
1741,쉬움,2
1742,대비,6
1743,혜자,2
1744,엔드,2
1745,은카,3
1746,큰손,13
1747,크리티컬,1
1748,타격,5
1749,셧을텐,1
1750,헤비,3
1751,충성,1
1752,대우,1
1753,고여,2
1754,중심,1
1755,호돈,2
1756,식물,8
1757,대갈,2
1758,미페,3
1759,행,1
1760,훈련,14
1761,세기,1
1762,편의,8
1763,막장,1
1764,팩트,11
1765,천진,1
1766,아마,5
1767,신경,12
1768,음고,1
1769,잔치,1
1770,그간,2
1771,애초,33
1772,탓,20
1773,겜탓,1
1774,역할,1
1775,샡기,1
1776,라이트,9
1777,덕이,1
1778,장기,3
1779,통합,11
1780,회하,1
1781,퇴,1
1782,제외,19
1783,학러,1
1784,더욱,10
1785,고현재,1
1786,미래,3
1787,자초,1
1788,질질,2
1789,섭,9
1790,종이,3
1791,심플,3
1792,닥,2
1793,상남자,1
1794,메이,10
1795,비만,1
1796,닥공,1
1797,방어,2
1798,본프레레,1
1799,양쪽,2
1800,사이드,11
1801,하프,3
1802,스페이스,8
1803,개시,4
1804,센터백,4
1805,시킴,2
1806,우위,3
1807,풀백,3
1808,동료,3
1809,공간,8
1810,옵션,10
1811,프레,1
1812,싱하,1
1813,무르,2
1814,보삼,1
1815,줄,23
1816,요약,6
1817,템포,2
1818,박스,5
1819,허구,3
1820,카팀해,1
1821,카팀으러,1
1822,카팀,3
1823,과금,15
1824,효율,5
1825,상식,5
1826,달리기,3
1827,미만,11
1828,몸싸움,6
1829,저걸,4
1830,료,1
1831,패삑,3
1832,저서,1
1833,감안,1
1834,갈수록,8
1835,풍차,2
1836,빅맨,7
1837,화,9
1838,슈챔런,2
1839,불과,2
1840,만해,7
1841,압도,16
1842,반,9
1843,고전,1
1844,마련,5
1845,어보,2
1846,떡,6
1847,넥필패치후,1
1848,돈신,5
1849,등판,2
1850,인증,9
1851,이슈,16
1852,소명,1
1853,님,4
1854,사진,14
1855,부가,2
1856,악의,1
1857,편집,1
1858,먼지,4
1859,서든어택,2
1860,전말,1
1861,요청,3
1862,장님,3
1863,태그,1
1864,이미지,3
1865,면제,1
1866,탈퇴,5
1867,제보자,1
1868,어쨌든,1
1869,사죄,7
1870,배려,4
1871,행동,1
1872,캐릭,2
1873,계기,3
1874,의지,5
1875,뷰징,1
1876,목적,2
1877,손실,2
1878,채,4
1879,명분,3
1880,사정,3
1881,강종,1
1882,등장,2
1883,나오니,1
1884,소속,3
1885,실추,1
1886,입장,37
1887,똥값,1
1888,삶,2
1889,취득,1
1890,망,6
1891,전광판,5
1892,복합,3
1893,동네,2
1894,씨방,2
1895,어그,6
1896,돌이,3
1897,상,2
1898,저격,3
1899,아아,1
1900,감좌,1
1901,러,2
1902,최소한,7
1903,스타트,1
1904,호,5
1905,구입,4
1906,날짜,1
1907,반대,42
1908,도둑질,1
1909,살인,1
1910,범죄,1
1911,기타등등,1
1912,해명,4
1913,쉴드,1
1914,고요,3
1915,길드,1
1916,판단,10
1917,깔껀까,1
1918,칭찬,3
1919,할껀,1
1920,감히,3
1921,합,3
1922,인지도,1
1923,높을껍니,1
1924,만들기,3
1925,깝,1
1926,기질,2
1927,닉변,2
1928,정황,3
1929,포착,2
1930,퇴근,5
1931,저녁식사,1
1932,앞서,7
1933,제목,3
1934,올린다,1
1935,가기,4
1936,해주시,1
1937,엊그제,2
1938,캡쳐,1
1939,수면,1
1940,위로,7
1941,동시,8
1942,추측,4
1943,님들말,1
1944,하필,1
1945,워낙,3
1946,인민군,1
1947,밑바닥,1
1948,자진,1
1949,어뷰징했다,1
1950,몫,1
1951,자료,3
1952,수집,3
1953,밤,2
1954,랭,4
1955,붕괴,7
1956,본가,33
1957,디아,1
1958,이정,4
1959,삘타,1
1960,큐,10
1961,갱신,4
1962,매크로,31
1963,지원,12
1964,어쩌,10
1965,일어나서,4
1966,삥삥삥,1
1967,첫경험,1
1968,연장,5
1969,질땐,1
1970,짤짤,1
1971,토츠때,1
1972,쓸껀,1
1973,업글,3
1974,배,16
1975,첨부,7
1976,한가지,7
1977,덜,7
1978,개좆,3
1979,화만,1
1980,일도,3
1981,이란,2
1982,상대편,5
1983,현실,21
1984,임잼민,1
1985,급식,3
1986,골수팬,1
1987,등록,6
1988,고치,5
1989,괜찬겟,1
1990,곳,13
1991,옆,2
1992,쓰루,2
1993,찬스,8
1994,코앞,1
1995,에스,1
1996,농구,2
1997,훅슛,1
1998,발동,8
1999,맘,9
2000,쓰기,7
2001,심판,4
2002,판정,15
2003,편파,1
2004,한쪽,8
2005,종일,3
2006,탱탱,1
2007,승승,2
2008,그다음,1
2009,무무,6
2010,패무,2
2011,턱,1
2012,거리,24
2013,어처구니,4
2014,생기,5
2015,항의,2
2016,땜,3
2017,찬물,1
2018,끼,11
2019,딱지,1
2020,무난,5
2021,같,1
2022,기적,4
2023,정신,8
2024,회사,9
2025,실적,1
2026,이상근,1
2027,척좀,1
2028,토요일,1
2029,즈그,1
2030,내면,4
2031,인플레이션,1
2032,염려,1
2033,명목,1
2034,배일때,1
2035,기만,1
2036,거임넥필,1
2037,롤백,4
2038,겨울방학,1
2039,전성기,2
2040,귀신,2
2041,잼임,1
2042,작정,1
2043,안고,3
2044,리셋,7
2045,공유기,4
2046,산지,1
2047,와이파이,2
2048,상워,1
2049,둘째,3
2050,치고핑,1
2051,된거,7
2052,이해해,1
2053,신경안,3
2054,비밀번호,1
2055,숫자,12
2056,자위,2
2057,설문조사,1
2058,강,7
2059,헤엄,1
2060,부때,1
2061,한숨,1
2062,기적처럼,1
2063,거만,2
2064,트째인데넥필,1
2065,조기,2
2066,곱창,1
2067,김,5
2068,요구사항,1
2069,월스작,2
2070,팟들,1
2071,팟,2
2072,도입,10
2073,무브,1
2074,심플무브,1
2075,폭,1
2076,시력,1
2077,저하,3
2078,김칫국,1
2079,사발,1
2080,그릇,1
2081,공이,4
2082,마심,1
2083,콜,2
2084,안주,2
2085,봉인,2
2086,용,8
2087,코치,15
2088,진영,7
2089,튕겨나온,1
2090,경합,7
2091,경계,1
2092,커팅,1
2093,절로,1
2094,힘,6
2095,모양,3
2096,검정색,1
2097,하늘색,1
2098,빨간색,2
2099,밀고,2
2100,나열,1
2101,삼국,11
2102,젤,2
2103,조,4
2104,단위,6
2105,태클,7
2106,순서대로,1
2107,효과,2
2108,똑바로,3
2109,책정,2
2110,예시,11
2111,농협,1
2112,사태,4
2113,공격수,10
2114,콘,5
2115,비교,19
2116,압살,1
2117,치도,1
2118,메리트,2
2119,사용성,1
2120,지해,1
2121,알파,1
2122,파란,3
2123,이언,1
2124,교,1
2125,불로,1
2126,양극화,1
2127,안감,5
2128,주요,2
2129,부류,2
2130,카를,5
2131,간지,1
2132,훼손,1
2133,카이,1
2134,기획,5
2135,핫게,1
2136,마케팅,2
2137,끈,1
2138,화살,2
2139,모멘트,8
2140,부적,1
2141,데이,3
2142,강데,2
2143,계산,1
2144,이자,3
2145,실금,1
2146,부담,3
2147,카드,10
2148,조가,1
2149,김민교,2
2150,연펑,1
2151,뿌꾸,2
2152,백만원,1
2153,시청자,7
2154,펑,1
2155,푼,1
2156,슴,1
2157,합당,5
2158,계약,4
2159,광고,5
2160,어쩌구,3
2161,캐시,1
2162,볼랬더,1
2163,비용,6
2164,개비,1
2165,제이,5
2166,쪼가리,1
2167,증발,1
2168,쫄리긴,1
2169,뿌리,2
2170,주식,2
2171,가능성,11
2172,아작,1
2173,넥스트,7
2174,필드,7
2175,타가,2
2176,박탈,1
2177,돈빨,1
2178,심보,3
2179,영안,1
2180,오해사,1
2181,방관,2
2182,시리즈,13
2183,바,8
2184,십년,2
2185,진작,2
2186,소송,1
2187,오리,1
2188,수힛,2
2189,다누리,1
2190,비판,4
2191,웃기,3
2192,빈번,3
2193,스코어,4
2194,유무,3
2195,지기,2
2196,뿌,1
2197,도감,1
2198,뿌나,2
2199,매커니즘,1
2200,기형,1
2201,함앞,1
2202,뻥,1
2203,극락,2
2204,듬,2
2205,보라,4
2206,메인,7
2207,두둥,1
2208,어둠,1
2209,와이프,2
2210,달성,6
2211,눈치,4
2212,주,20
2213,세용,1
2214,캡,1
2215,천,1
2216,모라,1
2217,굿,2
2218,피좆,1
2219,삼국지,1
2220,땅,6
2221,정해,2
2222,임땅,1
2223,점령,4
2224,강침,1
2225,수락,2
2226,성사,1
2227,비자,1
2228,장전,1
2229,확보,4
2230,침공,1
2231,인접,1
2232,영토,1
2233,로만,14
2234,금액,2
2235,캐쉬,1
2236,무제한,1
2237,모델링,1
2238,터뮤,1
2239,티,6
2240,인방,1
2241,시청률,1
2242,오키,1
2243,사업자,1
2244,영리,1
2245,사업,1
2246,영리활동,1
2247,응원,1
2248,직장인,3
2249,전면,1
2250,스포츠,4
2251,현아,1
2252,연예,1
2253,섭외,1
2254,함즉,1
2255,성의,1
2256,여태,7
2257,불가능,8
2258,한일,2
2259,나라,4
2260,통계,4
2261,승무,3
2262,횟수,5
2263,산정,1
2264,이신,2
2265,한탄,1
2266,미드,3
2267,전진,3
2268,백,23
2269,튀어,3
2270,구멍,2
2271,슝슝,1
2272,쓰레기,10
2273,겐프,2
2274,레싱,2
2275,게겐프레싱,3
2276,저쩌구,1
2277,티키타카,2
2278,맨,3
2279,쏭솔,2
2280,레슨,1
2281,주제,15
2282,부랑,4
2283,고작,1
2284,판지,1
2285,개빡,1
2286,평일,8
2287,잠,1
2288,연벙,1
2289,왕별,1
2290,새끼,32
2291,낫다,2
2292,초가,1
2293,석,2
2294,망겜,6
2295,덕,3
2296,키컨,4
2297,꿀잼임,1
2298,만요,1
2299,근래,2
2300,입력,34
2301,작동,4
2302,딜,8
2303,연관,2
2304,종종,5
2305,양보,2
2306,피망,4
2307,지그,1
2308,원성,2
2309,씸힘,1
2310,먹통,1
2311,퍼터씹힘,1
2312,렉시,1
2313,마크,2
2314,캔슬,1
2315,직선,3
2316,거마,4
2317,유독,7
2318,날때,1
2319,작전,6
2320,일어나지,1
2321,일이,1
2322,시절,8
2323,금보,1
2324,캐쉬백,1
2325,만원,5
2326,투어,1
2327,횡포,2
2328,흑우,2
2329,기계,4
2330,년전,2
2331,키씸힘,1
2332,매니저,6
2333,대상,3
2334,대화,2
2335,손점,1
2336,다지,2
2337,터닝,5
2338,커뮤니티,3
2339,논쟁,23
2340,가뜩이나,2
2341,전체,10
2342,계획,1
2343,간극,1
2344,중요,2
2345,해먹,1
2346,유벤투스,1
2347,실화,2
2348,발롱,1
2349,칸나바로,1
2350,시뮬,1
2351,망조,1
2352,어찌할런,1
2353,각도,7
2354,간담,1
2355,회,1
2356,리뷰,1
2357,관점,3
2358,관력,1
2359,로그,2
2360,달라,21
2361,전달,3
2362,공개,6
2363,해보셧나,1
2364,여력,1
2365,모집단,1
2366,통신사,2
2367,회선,4
2368,물리,5
2369,위치,13
2370,지연,8
2371,대신,11
2372,서울,3
2373,인천,3
2374,측정,1
2375,런칭한,1
2376,못햇,1
2377,중간,6
2378,중계,3
2379,피셜주말,1
2380,프로그램,6
2381,대규모,3
2382,날씨,1
2383,진,8
2384,부산,1
2385,화낼,1
2386,식당,2
2387,좌석,1
2388,하진,2
2389,여담,1
2390,외치,3
2391,도태,5
2392,몇몇,7
2393,외침,2
2394,중거리슛,3
2395,공률,3
2396,프로농구,1
2397,점슛,1
2398,정돈,1
2399,훌쩍,1
2400,아케이드,2
2401,실축,4
2402,슈터아님,1
2403,무패,1
2404,는디,1
2405,됏,1
2406,프로도,1
2407,보라색,1
2408,격진,2
2409,데헤아,1
2410,대고,5
2411,천억,3
2412,뿌꾸님,1
2413,주인공,1
2414,분과,1
2415,신기,2
2416,방기,1
2417,드네,1
2418,커맨드,2
2419,겹,4
2420,스텀,2
2421,삤기,1
2422,조합,2
2423,안남,3
2424,공홈,2
2425,최,14
2426,루트,4
2427,어딘,1
2428,임팩트,1
2429,디자인,1
2430,뽕맛,1
2431,컷신,1
2432,페,1
2433,감성,3
2434,불꽃,1
2435,재활용,1
2436,켯,1
2437,핸드폰,1
2438,배터리,1
2439,낭,2
2440,픽,2
2441,담배,1
2442,페널티,3
2443,나락이,1
2444,봣던놈보,1
2445,보고또보고,1
2446,쾌적,1
2447,쟈,1
2448,족목,1
2449,모습,2
2450,이발,4
2451,지방핑,1
2452,대만,2
2453,로우,4
2454,리도,4
2455,시늉,1
2456,하이큐,2
2457,안길,1
2458,적폐,1
2459,민국,1
2460,샛기,3
2461,사과글,1
2462,부귀,1
2463,영화,1
2464,스폰서,2
2465,대기업,1
2466,매하,1
2467,맥,1
2468,래야,4
2469,버러지,4
2470,발전,20
2471,첼레,3
2472,이따,1
2473,구로,1
2474,신식,1
2475,풋살,4
2476,즉석,1
2477,가도,4
2478,취미,1
2479,꿀팁,1
2480,듯이,1
2481,성립,2
2482,뿐더러,1
2483,매음,2
2484,고소,2
2485,지칭,2
2486,인생,7
2487,성범죄,1
2488,벌레,1
2489,개심,1
2490,키도,1
2491,이상만,2
2492,망아지,1
2493,잡음,1
2494,개념,5
2495,모름,5
2496,터치,6
2497,남발,2
2498,안키,1
2499,꺽으,1
2500,아웃,3
2501,헛소리,2
2502,자위함,1
2503,삑남,1
2504,억지로,6
2505,발암,1
2506,국룰,2
2507,재부팅,1
2508,상관관계,1
2509,논문,1
2510,마렵,1
2511,예능,1
2512,팀임,1
2513,캐나다,1
2514,심리,2
2515,여기저기,2
2516,결론,14
2517,첼뮌한레,1
2518,장창,4
2519,톱,8
2520,셰우,4
2521,스쿼드입니,1
2522,캡셰우,1
2523,양,1
2524,일지,2
2525,판다,2
2526,첼톱,1
2527,아자르,2
2528,첼졸,1
2529,조롱,2
2530,모처럼,1
2531,높이,2
2532,패작,1
2533,수록,6
2534,애러,1
2535,급,5
2536,깨달,1
2537,스틱,4
2538,요령,1
2539,터득,1
2540,세면,1
2541,자신감,1
2542,전개도,1
2543,차붐,2
2544,봉훈님,1
2545,심,3
2546,빡쎄나,1
2547,개한민국,1
2548,텀,1
2549,교집합,2
2550,백이,2
2551,니야,3
2552,비중,4
2553,수수료,2
2554,쿠폰,3
2555,옹호,1
2556,빡쌔,1
2557,슈챔급,3
2558,장난감,2
2559,징,6
2560,하이엔드,3
2561,인플레,1
2562,자비,1
2563,시티,2
2564,비닐,1
2565,신,7
2566,워커,1
2567,칸지,1
2568,뤼,1
2569,디거,1
2570,홀란발베,1
2571,덕배,1
2572,벤제마,4
2573,디아스,1
2574,카마,1
2575,빙,2
2576,레즈,1
2577,카르,1
2578,연장전,2
2579,라이,2
2580,멋대로,3
2581,오니,1
2582,판별,1
2583,방명록,2
2584,비공개,1
2585,토트넘,1
2586,유망,2
2587,주가,1
2588,뿌실,1
2589,라서,2
2590,인식,8
2591,몸,2
2592,파울,6
2593,수로,3
2594,멤버,2
2595,구해,1
2596,음성,2
2597,찍기,2
2598,색깔,3
2599,빠가사리,1
2600,꼬마,1
2601,홈킷,1
2602,톤,1
2603,묶음,2
2604,색도,1
2605,안겹치,1
2606,홈,3
2607,배제,3
2608,킷,1
2609,능지,2
2610,처참,1
2611,락,1
2612,개월차,1
2613,행진,1
2614,주전,4
2615,훈수,1
2616,쌩,2
2617,아디,2
2618,슨,2
2619,무한정,1
2620,돌림,2
2621,발견,1
2622,얼레,1
2623,애기,2
2624,단순,5
2625,이상구,1
2626,오름,1
2627,을해,2
2628,최악,3
2629,지인,2
2630,정신병,4
2631,싯팔,1
2632,혐오,2
2633,증,3
2634,싯,1
2635,골키퍼,5
2636,토템,1
2637,시브,1
2638,람,1
2639,때싯팔,1
2640,박주영,12
2641,씨팔,1
2642,구미호,3
2643,사이더,1
2644,친추,3
2645,하남,3
2646,월글,1
2647,대표팀,5
2648,퍼,5
2649,빡쎔,1
2650,퍼찍,1
2651,풀,12
2652,하늘,1
2653,슈챔들,3
2654,슈챔애들,1
2655,개그,1
2656,한판만,3
2657,국,11
2658,엊그젠,1
2659,짐그,1
2660,난적,1
2661,첨,3
2662,거더,1
2663,부스터,3
2664,뤼더거,1
2665,롤큐브스터,1
2666,간격,5
2667,짤리,1
2668,금방,1
2669,베스트,7
2670,쉬프트,8
2671,힐플릭,1
2672,이제껏,1
2673,차원,4
2674,프라임,6
2675,발아,1
2676,문장,1
2677,낭낭,1
2678,넌,2
2679,싸이,2
2680,사양,6
2681,하드웨어,2
2682,률,5
2683,음으로,1
2684,간혹,1
2685,안정화,2
2686,웹캠,11
2687,보이스,2
2688,마이크,8
2689,퀵,2
2690,뜸,5
2691,과부,1
2692,입구,1
2693,명도,2
2694,선착순,2
2695,스마트폰,4
2696,준비물,1
2697,테더링,2
2698,케이블,1
2699,충전,1
2700,잭,1
2701,애플,1
2702,스토어,1
2703,준비,1
2704,얼굴,6
2705,생,2
2706,페르소나,1
2707,필터,1
2708,하단,3
2709,플레이톡,1
2710,박제,2
2711,막날,2
2712,직전,2
2713,악,1
2714,어뷰,1
2715,쿨,3
2716,포지션,4
2717,체크박스,1
2718,바르가,1
2719,황선홍,1
2720,카인,1
2721,잡,5
2722,모션,7
2723,투표,12
2724,좆망,1
2725,햐,1
2726,고액,1
2727,베르데,1
2728,표기,1
2729,랭커들,2
2730,중복,2
2731,비번,3
2732,본능,1
2733,컴터,2
2734,의사소통,2
2735,뭐함,4
2736,모임,1
2737,카테고리,1
2738,응집,1
2739,개돼지,2
2740,색,1
2741,악질,3
2742,숙청,1
2743,옷,3
2744,통한,4
2745,꼼수,1
2746,야기,1
2747,현황,2
2748,개새,2
2749,정밀,1
2750,도로,6
2751,팽,1
2752,옵,2
2753,초집,1
2754,휘슬,1
2755,녹화,3
2756,로그인,2
2757,네이버,1
2758,서포터,1
2759,어쩌고,1
2760,렉임,1
2761,퀘스트,2
2762,위쪽,2
2763,일어난다,1
2764,치달,2
2765,테일러,1
2766,제비,1
2767,호두,1
2768,버튼,18
2769,간다,5
2770,매일,5
2771,발목,1
2772,고월,1
2773,난담,1
2774,제닉스,1
2775,발림,2
2776,님키컨,1
2777,인정이,2
2778,게속,2
2779,하내,1
2780,껏,4
2781,스쿼드임,1
2782,불구,4
2783,아레나,4
2784,평생,1
2785,소원,3
2786,자살,1
2787,마렵다,1
2788,간절,1
2789,페이스북,1
2790,자랑,2
2791,콧대,1
2792,웃음,4
2793,학창시절,1
2794,벌써,2
2795,세월,1
2796,만년,5
2797,프월딱,2
2798,복,2
2799,어디가,2
2800,뉴비,5
2801,안됭이유,1
2802,계정은,3
2803,대략,2
2804,프로야,1
2805,그닥,1
2806,확율,3
2807,고정관념,1
2808,개지랠,1
2809,최대,7
2810,증가,5
2811,함수,1
2812,해골,3
2813,물이,1
2814,뿌구,2
2815,거렸,1
2816,전국,1
2817,킹,2
2818,피창,1
2819,코어,1
2820,코다리,13
2821,패패패패,1
2822,감뭐,1
2823,백억,2
2824,손오공,1
2825,감수,8
2826,가불,1
2827,남탓,2
2828,팀빨,3
2829,동점,1
2830,모멘텀,4
2831,추,2
2832,드업,1
2833,헤딩골,1
2834,먹음,1
2835,엄마,3
2836,짤린,2
2837,우승,1
2838,사려,1
2839,트론,1
2840,슈챔구간,1
2841,차례,2
2842,정이,2
2843,핵,9
2844,레,1
2845,북,3
2846,치구,2
2847,장구,2
2848,대한민국,18
2849,랭크내리,1
2850,짬뽕,5
2851,서식,2
2852,미감,1
2853,트리,3
2854,임롤,1
2855,어쨋,3
2856,던,5
2857,루프,1
2858,에고,1
2859,달마,1
2860,하드,3
2861,소프트,1
2862,고사,1
2863,배정,5
2864,중위,2
2865,교란,1
2866,난입,1
2867,관성,2
2868,조울증,1
2869,자기만족,1
2870,로지텍,7
2871,레이저,4
2872,드릴,3
2873,빽,1
2874,악성,1
2875,주지,2
2876,제공,3
2877,널리,1
2878,취지,1
2879,브랜드,3
2880,도중,3
2881,어려움,4
2882,성도,2
2883,미리,6
2884,파일,3
2885,제품,2
2886,제작,1
2887,대중화,1
2888,소개,1
2889,일상생활,1
2890,플러스,3
2891,준,4
2892,화살표,1
2893,빈,2
2894,칸,1
2895,마우스,18
2896,두시,2
2897,할당,7
2898,좌우,3
2899,지정,6
2900,재생,2
2901,저장,5
2902,동의,5
2903,향상,3
2904,프로필,2
2905,드라이브,1
2906,로컬,1
2907,디스크,1
2908,로고,1
2909,용량,1
2910,실행파일,1
2911,목록,1
2912,해제,2
2913,도구모음,1
2914,꽉,4
2915,음줄,1
2916,우측,1
2917,상단,2
2918,표준,2
2919,표시,5
2920,스크롤,1
2921,형태,1
2922,래그,1
2923,예상,1
2924,사이클,2
2925,어도,1
2926,원선,1
2927,전원,2
2928,전력,1
2929,방지,3
2930,취침,2
2931,팁게,1
2932,활용,2
2933,휴가,1
2934,특,7
2935,오천억,1
2936,켜,2
2937,킬,1
2938,색상,1
2939,안겹,1
2940,한수,1
2941,전쟁,2
2942,토론,19
2943,역사,4
2944,차두리,6
2945,스쿼,2
2946,드하,5
2947,나로,2
2948,해자,1
2949,넥,2
2950,필기,1
2951,파벌,2
2952,번외편,1
2953,승자,2
2954,꼬리,2
2955,물기,2
2956,팀마,1
2957,짐승,1
2958,보합,1
2959,인류,1
2960,매국노,1
2961,친일파,1
2962,대뜸,1
2963,입꾹,3
2964,뽀록,2
2965,저런,4
2966,염병,2
2967,병자,1
2968,격리,5
2969,그림,4
2970,비비고,2
2971,쌔컨볼다,1
2972,밭,1
2973,고가,2
2974,비롯,1
2975,스텟들,1
2976,끽,2
2977,안팎,1
2978,섭종무새,2
2979,고공,1
2980,마취,1
2981,트,16
2982,래핑,7
2983,멍,2
2984,엄한,1
2985,컨볼,1
2986,태업,1
2987,어거지,2
2988,경상도,3
2989,전라도,3
2990,무주,1
2991,땅값,1
2992,울화통,1
2993,포르자할때,1
2994,대각,12
2995,삑,2
2996,사리,1
2997,진동,1
2998,쾌감,3
2999,암,1
3000,깨,1
3001,려,2
3002,자시,1
3003,보도,3
3004,개미,1
3005,친,3
3006,어우,2
3007,제도로,1
3008,애꿎,1
3009,희생,1
3010,위아래,6
3011,관해,3
3012,피파시리즈,8
3013,우리나라,4
3014,문화,4
3015,가게,4
3016,배그,5
3017,부합,1
3018,타협,2
3019,예고,1
3020,이드,1
3021,수익,4
3022,타겟,4
3023,국문,1
3024,접근성,6
3025,플레이도,2
3026,억지,10
3027,야생,1
3028,각하,1
3029,중점,3
3030,숙명,1
3031,뒈,2
3032,제자리,3
3033,바깥,1
3034,유유,1
3035,골그,1
3036,특유,1
3037,향연,1
3038,존,5
3039,핑거팁,1
3040,선방,2
3041,노마크,1
3042,헤더,1
3043,암만,1
3044,유럽,1
3045,유린,1
3046,애국자,1
3047,자부,1
3048,데리,1
3049,퍼포먼스,2
3050,모나코,1
3051,올림픽,1
3052,발끝,1
3053,죄,1
3054,인스타,1
3055,심정,1
3056,운영자,1
3057,족,2
3058,살,4
3059,턱걸이,1
3060,반성,1
3061,노리,2
3062,윗,2
3063,대꾸,2
3064,대장,7
3065,떡밥,11
3066,완결,1
3067,주정,2
3068,욤함,1
3069,여가,1
3070,여유,3
3071,유리,4
3072,왜케,3
3073,여론,4
3074,파레,1
3075,법칙,1
3076,업계,2
3077,정량,1
3078,롬들,1
3079,갯수,1
3080,초과,1
3081,짤,2
3082,뷰,1
3083,마음,7
3084,영준,3
3085,오른쪽,3
3086,파란색,1
3087,헤나,1
3088,투산,1
3089,시스,1
3090,네이마르,2
3091,대걸레,2
3092,발작,2
3093,게거품,1
3094,이길자,1
3095,컨트롤러,46
3096,업적,1
3097,표현,3
3098,적함,1
3099,태생,9
3100,죽,1
3101,여야,1
3102,전형,1
3103,콘솔,23
3104,절,2
3105,고함,2
3106,조작상,1
3107,대가,6
3108,안막,1
3109,로남불,1
3110,이점,7
3111,분야,1
3112,강요,3
3113,방유,1
3114,저가,1
3115,차지,5
3116,불리,6
3117,의무,1
3118,사의,1
3119,태도,1
3120,슈첼,4
3121,번외,1
3122,현금,4
3123,유료,2
3124,한적,2
3125,감스트,1
3126,만족,4
3127,대다수,10
3128,호구,1
3129,임의,1
3130,쓰시,1
3131,보드게임,2
3132,뿐얘,1
3133,나사선,1
3134,아래쪽,3
3135,증설,2
3136,윈윈,1
3137,홍보,1
3138,김승섭,1
3139,함왜,1
3140,핑높,2
3141,절대로,5
3142,솔,2
3143,자판기,1
3144,레던더리,1
3145,불공정,12
3146,가가,2
3147,인데슈챌,1
3148,피방,12
3149,개수,1
3150,부리면,1
3151,율좀,1
3152,가닥,1
3153,해물,1
3154,늬들,2
3155,트루,1
3156,반면,4
3157,제휴,1
3158,이익,1
3159,다,3
3160,선호,2
3161,럴,1
3162,능,1
3163,무능력,1
3164,기인,2
3165,메뉴,4
3166,눈가,1
3167,림,1
3168,본질,2
3169,모순,3
3170,그로,3
3171,감속,3
3172,키컨돼,1
3173,꼬우,23
3174,합류,7
3175,임본,1
3176,가의,2
3177,함키,2
3178,장단점,5
3179,지점,2
3180,비시,2
3181,별개,2
3182,필요성,2
3183,우린,2
3184,권장,2
3185,개꿀,2
3186,자게,6
3187,발리,2
3188,일인,2
3189,건데,3
3190,임뭐,1
3191,과반수,2
3192,소름,1
3193,유토피아,2
3194,인상,1
3195,강의,1
3196,논제,1
3197,논점,2
3198,찬성,22
3199,낭비,1
3200,평가,7
3201,무새,5
3202,원창연,2
3203,유튭,2
3204,명제,1
3205,치트키,1
3206,걱,1
3207,과외,2
3208,대학,2
3209,공부,3
3210,고딩,2
3211,린다,2
3212,뺑,2
3213,뻘짓하,1
3214,건안,1
3215,추글보,1
3216,죄송,2
3217,분란,1
3218,분산,1
3219,꼴,7
3220,아닥,1
3221,고갈,1
3222,드니,2
3223,접수,2
3224,아님둥,1
3225,빼액,3
3226,데키,1
3227,욕욕,4
3228,스트,31
3229,월딱,1
3230,챌딱,1
3231,동감,1
3232,로더,1
3233,피해자,3
3234,가해자,2
3235,특혜,2
3236,셈,2
3237,전용,12
3238,라나,2
3239,파주,1
3240,축하,3
3241,던키,1
3242,플스,3
3243,듀센,1
3244,자키,2
3245,잉,3
3246,기원,1
3247,십자,1
3248,본론,2
3249,불합리,8
3250,적폐팀,1
3251,제안,1
3252,찬,1
3253,통합랭크,1
3254,크보,1
3255,수동,4
3256,쓸모,1
3257,와중,2
3258,선물,2
3259,사비,1
3260,볼란치,2
3261,박아,2
3262,눈팅,4
3263,실제,9
3264,개설,2
3265,기사,2
3266,요원,2
3267,노스,1
3268,비제,1
3269,학원,1
3270,돈슛,1
3271,문재인,1
3272,민주당,1
3273,좌파,1
3274,출발,4
3275,민주주의,3
3276,녀석,1
3277,아난,1
3278,음청,1
3279,슈챌가볼까,1
3280,손꾸락,2
3281,일요일,1
3282,반응,5
3283,내년,4
3284,후년,1
3285,대가리,6
3286,란,1
3287,농담,1
3288,꿈,2
3289,미적,1
3290,감소,4
3291,달리,1
3292,연동,2
3293,지지,5
3294,생때,2
3295,살돈,2
3296,색기,1
3297,여지,1
3298,장비,12
3299,스트로,1
3300,쫄으신건,1
3301,건설,1
3302,하지맙시,1
3303,극성,1
3304,점화,1
3305,흐름,2
3306,반응속도,3
3307,긍정,3
3308,옥,1
3309,서비스,9
3310,목소리,3
3311,내야,2
3312,흥미,3
3313,실어,1
3314,하루아침,2
3315,적지,1
3316,할애,1
3317,참을성,1
3318,수만,3
3319,현저,4
3320,수익률,5
3321,초래,1
3322,자본주의,2
3323,끝판,1
3324,취해,1
3325,만족도,3
3326,일리,1
3327,공산주의,1
3328,잡기,2
3329,근본,12
3330,합리,1
3331,사도,2
3332,딱주,1
3333,놨,1
3334,놀이,1
3335,슈챔찍어볼,1
3336,루스,1
3337,알고리즘,1
3338,나선,1
3339,폼,2
3340,요지,1
3341,즐겜해,1
3342,울,1
3343,드뎌,1
3344,담달,1
3345,출고,1
3346,군,1
3347,우하하하,1
3348,물슈챔,1
3349,해줭,1
3350,분탕,2
3351,민폐,2
3352,싀벌럼들,1
3353,슈발,2
3354,상상,3
3355,싸우넹,1
3356,유투,1
3357,버,1
3358,유명인,1
3359,한승엽,1
3360,징글징글,1
3361,대세,2
3362,의자,3
3363,소신,2
3364,발언,3
3365,극악,3
3366,훼,1
3367,이크,1
3368,낚,1
3369,다반사,1
3370,웅앵,1
3371,간의,3
3372,조정은,1
3373,월컵,1
3374,특수,2
3375,풀이,3
3376,간과,2
3377,사례,1
3378,장르,1
3379,오른손,2
3380,맵핑,1
3381,에이펙,1
3382,키마,3
3383,분포,1
3384,니스,13
3385,최초,5
3386,전세계,2
3387,철권,6
3388,조이스틱,8
3389,휴대,1
3390,용게,1
3391,임기,1
3392,빽빽,1
3393,불금,1
3394,칼퇴,1
3395,썻을껄,1
3396,엑박,4
3397,다인,1
3398,미처,1
3399,고려,6
3400,시전,5
3401,대환영,1
3402,햄버거,1
3403,임비,1
3404,버거,3
3405,고기,2
3406,비건,2
3407,꼰대질,1
3408,운동,1
3409,엄두,1
3410,망상,2
3411,권유,2
3412,믿음,1
3413,씨바,1
3414,공짜,1
3415,꼽,1
3416,졉,1
3417,듣기,2
3418,염,2
3419,차이점,3
3420,개정,2
3421,도의,1
3422,단축키,1
3423,지럴,1
3424,거슬러,1
3425,박페,1
3426,뻘소리,1
3427,부러,3
3428,서랍,1
3429,정수리,1
3430,탈모,4
3431,중인,4
3432,남자라면,1
3433,숱,1
3434,아들,2
3435,리얼,1
3436,른셰우,1
3437,토츠두등,1
3438,직강,1
3439,무정,1
3440,제곧내,1
3441,실현,3
3442,적의,1
3443,남아,2
3444,뱃속,2
3445,울버린,1
3446,우르,1
3447,줜,2
3448,누,4
3449,열정,2
3450,거도,4
3451,여간,1
3452,단체,1
3453,보이지,1
3454,캐릭터,2
3455,이동키,1
3456,탭하,1
3457,좌,1
3458,드래그,1
3459,휠,3
3460,휠클릭,1
3461,왼쪽,2
3462,키맵핑,2
3463,뻘,1
3464,리좀,1
3465,수능,2
3466,도구,4
3467,볼펜,1
3468,시험,2
3469,개사,1
3470,기아,1
3471,남월,1
3472,퇴치,1
3473,다방,1
3474,배우,7
3475,빙의,1
3476,열변,1
3477,핑정,1
3478,두지역,1
3479,트랜드,2
3480,플랫폼,1
3481,각기,1
3482,서도,2
3483,카트,2
3484,들보,1
3485,세계,1
3486,제작사,1
3487,왜안,1
3488,사단,1
3489,쟤,6
3490,쟤넨,1
3491,피드백,1
3492,인력,1
3493,임노,1
3494,함정,1
3495,마인드,7
3496,단합,2
3497,정논,1
3498,갈등,2
3499,인신공격,1
3500,코파,1
3501,면서,4
3502,자극,1
3503,롤부,1
3504,큐부,3
3505,훨,1
3506,백배,1
3507,시프트,2
3508,물첼,1
3509,첼찍겟,1
3510,상딸,1
3511,의상,1
3512,방배,4
3513,망햇,1
3514,프딱가,1
3515,지능,1
3516,넥필적용되,1
3517,안타,1
3518,경쟁력,1
3519,날로,3
3520,부모님,1
3521,대출,1
3522,넣기,1
3523,밸런싱,3
3524,갑,1
3525,주위,1
3526,겜창,1
3527,일맥상통,1
3528,집착,1
3529,쉐복,1
3530,사본,1
3531,적도,8
3532,키보드꼽,1
3533,꼽으,1
3534,낭패,1
3535,파니,2
3536,쥐똥,1
3537,극도,1
3538,리스트,1
3539,지역별,4
3540,시궁창,1
3541,어딧,2
3542,이돈,2
3543,끽해야,1
3544,용돈,1
3545,런칭할,1
3546,겨냥,1
3547,런칭했다,1
3548,펑펑,1
3549,어딧다,1
3550,국한,1
3551,주류,10
3552,행보,1
3553,괴리감,1
3554,슈챌쯤,1
3555,가야,2
3556,본기,2
3557,정신승리,1
3558,반쪽,4
3559,빡센것,2
3560,브레인,1
3561,안이,2
3562,이아,1
3563,노느분,1
3564,슈챔이,1
3565,부족함,3
3566,근거,5
3567,킬리안음박페,1
3568,능슉,1
3569,해달,1
3570,킬리안음박페님,1
3571,목숨,2
3572,겁,1
3573,비단,1
3574,콘트롤러,1
3575,더독,1
3576,선수단,1
3577,강팀,1
3578,욕심,2
3579,프리미어,1
3580,하부,1
3581,유심,1
3582,직감,1
3583,닭,1
3584,비주류,7
3585,화합,1
3586,및핑별,1
3587,데님,1
3588,라그,3
3589,서나,1
3590,우도,2
3591,횡침패침,1
3592,스탠,1
3593,딩,1
3594,공시,1
3595,소유,2
3596,필,1
3597,한정,3
3598,비합리적,1
3599,탈피,1
3600,반년,1
3601,후자,2
3602,드론,1
3603,본사,2
3604,오프라인,2
3605,로키,2
3606,건의,2
3607,슛각,3
3608,숨기,1
3609,오타쿠,1
3610,구려,2
3611,다중,3
3612,고집,2
3613,도키,2
3614,대책,4
3615,진짜진짜,1
3616,존중,3
3617,이윤,2
3618,창렬인건,1
3619,합의,6
3620,재능,2
3621,논,2
3622,거가,1
3623,부작용,5
3624,취급,2
3625,존립,1
3626,불평등,2
3627,공정,5
3628,산다,2
3629,고해,2
3630,앞서서,1
3631,수의,1
3632,절대값,2
3633,계산법,1
3634,한테라,1
3635,영역,2
3636,솔랭,6
3637,메이저,2
3638,지구,1
3639,평등,3
3640,해석,1
3641,공평,2
3642,박사모,1
3643,태극기,1
3644,부대,1
3645,축구화,7
3646,운동화,3
3647,피셜떳다,1
3648,썰전,1
3649,할껄,1
3650,덴,1
3651,껄,1
3652,선동,4
3653,물첼딱,1
3654,느바,1
3655,순경,5
3656,펙트,1
3657,임키,2
3658,분배,1
3659,떄문,2
3660,반발,6
3661,북한,2
3662,포르쉔데,1
3663,길거리,1
3664,아반떼,2
3665,타라,1
3666,책,4
3667,방향성,3
3668,격투게임,2
3669,레이싱게임,3
3670,자발,2
3671,초등학교,1
3672,배드민턴,1
3673,탁구,1
3674,펜홀더,1
3675,일면,1
3676,셰이크,1
3677,핸드,1
3678,찬반,2
3679,말일,1
3680,칼전,1
3681,꽈,1
3682,마삼,1
3683,하나고,1
3684,시공,1
3685,트래픽,3
3686,사용자,1
3687,해소,3
3688,관전,2
3689,쭈욱,2
3690,접근,1
3691,임애,1
3692,당초,3
3693,인척,1
3694,낼,3
3695,보완,3
3696,악습관,1
3697,하나로,2
3698,음식,2
3699,먹기,1
3700,치자,1
3701,젓가락,1
3702,숟가락,1
3703,포크,1
3704,자랭,6
3705,자경,1
3706,챔프,4
3707,상실,1
3708,몰리,1
3709,변질,1
3710,지상,1
3711,낙원,1
3712,기레기,1
3713,불씨,1
3714,청각장애,3
3715,귀가,1
3716,소닉,1
3717,레이더,1
3718,치팅,1
3719,거부,4
3720,귀,2
3721,수단,1
3722,경찰,2
3723,여자,3
3724,체력,2
3725,팔굽혀펴기,1
3726,무릎,1
3727,채점,1
3728,공문,2
3729,발송,2
3730,창의,3
3731,등기,1
3732,당분간,1
3733,피신,1
3734,잘만,2
3735,테,1
3736,사이렌,2
3737,아모,1
3738,개별,1
3739,가설,1
3740,키세팅,1
3741,다양성,2
3742,더비,1
3743,능가,1
3744,어드정도,1
3745,파트너,2
3746,거르셈팀갈중,1
3747,기생,1
3748,전하,2
3749,순인,1
3750,엇음,1
3751,도하,3
3752,삔또상하,1
3753,잠수,1
3754,패임,1
3755,빅데이터,2
3756,소개팅,1
3757,폭탄,1
3758,결혼,1
3759,마당,2
3760,사이버,1
3761,이치,1
3762,파파,1
3763,디,5
3764,주변,1
3765,위주,3
3766,해나,1
3767,움직,2
3768,지름,1
3769,핑차이,2
3770,신뢰,1
3771,아이폰,1
3772,갤럭시,1
3773,견,2
3774,꿀빨,3
3775,맨날꼬우,1
3776,핑이상,1
3777,핑이,1
3778,챗,1
3779,퍼터효,1
3780,서재,1
3781,장사,1
3782,끌,3
3783,발악,1
3784,사라,2
3785,이식,4
3786,주변기기,2
3787,단점,6
3788,재밋,1
3789,청,1
3790,유교,1
3791,삼배,1
3792,구두,1
3793,부들,2
3794,개화,1
3795,상투,1
3796,일제,1
3797,불공평,3
3798,틀,3
3799,노인,1
3800,리부트,1
3801,업그레이드,1
3802,적용할땨,1
3803,유리천장,2
3804,혼합,1
3805,방송인,2
3806,네임드,2
3807,이상호,2
3808,데프트,1
3809,독자,1
3810,차이나,2
3811,경기도,2
3812,그래픽카드,3
3813,메인보드,1
3814,진자,2
3815,마넌,2
3816,빼앸,1
3817,기연,1
3818,럼,1
3819,속편,1
3820,켜둘때,1
3821,필자,1
3822,정성,1
3823,슈챌찍어봤,1
3824,빌드업과정,1
3825,워드,2
3826,다이소,2
3827,명중,2
3828,곤,1
3829,퍼터충들,1
3830,꿀,9
3831,명정,1
3832,게시,2
3833,물임쟤,1
3834,님말맞음,1
3835,불이익,2
3836,산이,2
3837,맨유,1
3838,지경,2
3839,천상계,2
3840,침패,1
3841,요시,1
3842,삐용,1
3843,이달고,1
3844,이두,2
3845,못하겟음,1
3846,지남,1
3847,처패,1
3848,숙련,3
3849,좃,1
3850,하락,4
3851,트라고,2
3852,신조어,1
3853,법임,1
3854,브래드,1
3855,존스,1
3856,미뇰레,1
3857,알리송,1
3858,재간,1
3859,논스톱,2
3860,서클,1
3861,무분별,1
3862,도공,1
3863,테니스,1
3864,왕자,1
3865,카존,1
3866,후리,1
3867,나노,1
3868,무빙,1
3869,강슛,1
3870,낭만,1
3871,난사,1
3872,장,3
3873,전략,3
3874,주최,1
3875,주사,3
3876,랜,1
3877,빠르기,1
3878,자존심,1
3879,상함,1
3880,갈드,1
3881,컵,1
3882,주제가,1
3883,새집,1
3884,냄새,1
3885,굼떠,1
3886,겜방,1
3887,못드가,1
3888,꺽,2
3889,수영장,1
3890,낵슨,1
3891,팝콘,1
3892,똥,3
3893,오줌,1
3894,깝침,1
3895,절대다수,2
3896,워리어,1
3897,찌끄레기,1
3898,홈페이지,9
3899,데니,1
3900,타당,1
3901,서서,1
3902,눌린,1
3903,얨병떰,1
3904,퍼센트,5
3905,만만,1
3906,등안,1
3907,매핑,1
3908,유연성,1
3909,판국,1
3910,화제,1
3911,세대,1
3912,편입,1
3913,대리,1
3914,분별,1
3915,여자친구,1
3916,체,1
3917,오피셜,2
3918,비난,1
3919,정치,1
3920,챔스슈챔,1
3921,해택아님,1
3922,히키,1
3923,게말,1
3924,성적,4
3925,회로,2
3926,도무지,1
3927,말로,2
3928,중요성,1
3929,작일,1
3930,꺼냇는,1
3931,아빠,1
3932,속력,1
3933,산,2
3934,이외,1
3935,다른사람,1
3936,메가드라이브,2
3937,전작,1
3938,인터네셔널,1
3939,게임보이,1
3940,패미컴,1
3941,보급,5
3942,불법복제,1
3943,판매량,1
3944,바닥,1
3945,차기작,1
3946,독점,2
3947,발매,1
3948,절망,1
3949,명의,5
3950,레이싱,3
3951,격투,1
3952,포트,2
3953,나이트,2
3954,소요,1
3955,메시,2
3956,크로스오버,1
3957,침,1
3958,쐐기,1
3959,열폭,1
3960,충색,1
3961,시구,1
3962,퇴장,1
3963,익명,3
3964,진화,1
3965,폐,1
3966,팀캐,3
3967,미인,1
3968,진성,1
3969,팬,1
3970,팀별,1
3971,발차,1
3972,그땐,2
3973,아드리아누,1
3974,닥치고,2
3975,페미,4
3976,두발,1
3977,불법,3
3978,참전,1
3979,중단,2
3980,남여,1
3981,남성,1
3982,딸,2
3983,밌겟다,1
3984,지장,2
3985,합리화,1
3986,함월,1
3987,가늠,2
3988,실질,1
3989,자기개발,1
3990,쿵쾅,2
3991,리나,1
3992,인구,1
3993,적기,1
3994,망치,1
3995,어드밴티지,2
3996,로움,1
3997,암기,1
3998,연쇄,1
3999,금지,2
4000,길이,2
4001,랭크티어,1
4002,장인,1
4003,보더,1
4004,상하,1
4005,책임,2
4006,가선,1
4007,줄놈,1
4008,쇼,2
4009,듭니,1
4010,첼딱,1
4011,빼,1
4012,줄리,1
4013,혜택,2
4014,도나,1
4015,지부리,1
4016,발상,1
4017,하래,1
4018,어쩌피,3
4019,씌발,1
4020,겜쫌,1
4021,캔,1
4022,슬하,1
4023,쌉가능키컨,1
4024,뷴,1
4025,위기,1
4026,투기,1
4027,종결,2
4028,범위,2
4029,동등,6
4030,통일,1
4031,버프,3
4032,비응신,1
4033,빠참,3
4034,만드나,1
4035,귀차니즘,1
4036,분리수거,1
4037,바페,1
4038,바디,1
4039,페인,1
4040,키도드,1
4041,해봣자,1
4042,븅신같,1
4043,외로,1
4044,누칼협,2
4045,구체,1
4046,구리,1
4047,카페,1
4048,아구,1
4049,남초,1
4050,커뮤,1
4051,노모,2
4052,유모,3
4053,참가,2
4054,바꿧는데,1
4055,심력,1
4056,소모,2
4057,박해,1
4058,배척,1
4059,싸우지마,1
4060,권리,3
4061,매석,1
4062,방만,1
4063,고오,1
4064,씹덕,3
4065,중하,1
4066,취직,1
4067,회의,1
4068,블리자드,1
4069,자전거,1
4070,시합,3
4071,오토바이,1
4072,고온,1
4073,애가,1
4074,컴퓨터게임,1
4075,칭한다,2
4076,타표,1
4077,표,2
4078,혼동,1
4079,주의,2
4080,분신,1
4081,늬,1
4082,양학러,1
4083,심해,2
4084,지긋지긋,1
4085,집단,3
4086,희소식,1
4087,본계,1
4088,자살골,1
4089,분도,3
4090,눈앞,1
4091,한국인,1
4092,협박,2
4093,일절,1
4094,다음턴,1
4095,낯선,1
4096,사회생활,1
4097,서론,2
4098,승도,1
4099,빡통아나똥컴,1
4100,이이이,1
4101,개인실,1
4102,집안,1
4103,쪼,1
4104,죽겠네,2
4105,섭리,1
4106,응애,1
4107,태어남,1
4108,해지니,1
4109,흥선대원군,1
4110,문,1
4111,마트,1
4112,특권,1
4113,아무나,1
4114,출신,1
4115,힐수,1
4116,적응도,2
4117,착각,3
4118,반영은,1
4119,염두,1
4120,코스프레,2
4121,구역,1
4122,요하,1
4123,키미니스트,2
4124,람보,1
4125,드루,1
4126,장연,1
4127,장애,2
4128,이정상,1
4129,시위,1
4130,위력,1
4131,잘뺐드,1
4132,베이스,1
4133,쥰내,1
4134,쿠르투,1
4135,레비,1
4136,시로,2
4137,학생,1
4138,직장,1
4139,짬,1
4140,임시,1
4141,필름,1
4142,카메라,1
4143,디카,1
4144,코닥,1
4145,어쩌겠,1
4146,흑인,2
4147,백인,2
4148,페미니스트,1
4149,풋,3
4150,드셧,1
4151,투척,1
4152,원함,1
4153,오냐,1
4154,살살,2
4155,두려움,1
4156,부조리,1
4157,공허,1
4158,듭니다제,1
4159,건강,2
4160,아가리,3
4161,우승자,1
4162,빌드업,4
4163,돌진,1
4164,전환,10
4165,슈챌유저,1
4166,어드밴티,1
4167,터닝등,1
4168,투성이,1
4169,왜함,1
4170,선결,1
4171,불가항력,2
4172,써봣는데,1
4173,쪽임,1
4174,재밋음,1
4175,키감,2
4176,종류,1
4177,권호,1
4178,몬헌,1
4179,류,1
4180,햇음,1
4181,살이,1
4182,윈도우,1
4183,됫을거임뭐,1
4184,국영,1
4185,할배,1
4186,이유나,1
4187,임패,1
4188,군대,2
4189,군가산점,1
4190,어리광,1
4191,려고,3
4192,청축,1
4193,축,2
4194,체리,1
4195,에손,1
4196,엄지손가락,2
4197,굳은살,1
4198,요전,1
4199,지문,1
4200,어케됨,1
4201,달라짐,1
4202,키압다르,1
4203,시야,2
4204,스펙,1
4205,피씨,1
4206,비아,1
4207,아시안,1
4208,종목,1
4209,최정,1
4210,줫,3
4211,온라인게임,4
4212,동일,1
4213,게임상,1
4214,님말,1
4215,질감,1
4216,트련,1
4217,빼애,1
4218,애액,1
4219,대못,1
4220,만이,1
4221,인애,1
4222,조장,1
4223,질적,2
4224,뒷전,1
4225,고서,1
4226,전제,1
4227,줜나,1
4228,가원,1
4229,로직,1
4230,학도,1
4231,지배,1
4232,선민의식,1
4233,우월,1
4234,첼린저,2
4235,이임,2
4236,좀왜,1
4237,장함,1
4238,시비,1
4239,길티기어,1
4240,킹오파,1
4241,카트라이더,1
4242,동물,2
4243,팀때,1
4244,스위퍼,2
4245,쌔컨볼,1
4246,골결,1
4247,우주,1
4248,사랑,2
4249,빨갱이,1
4250,공산당,1
4251,다수결,1
4252,원칙,1
4253,공익,1
4254,사상,1
4255,종식,1
4256,드림,2
4257,이그,1
4258,팬심,3
4259,충련,1
4260,왜해,2
4261,제각각,1
4262,눌림,1
4263,결과물,1
4264,투윈,2
4265,페이투윈,1
4266,백도,1
4267,컵라면,1
4268,용소,1
4269,비속어,1
4270,빈도,3
4271,돌,2
4272,차기,4
4273,스택,2
4274,차후,1
4275,연령,1
4276,간접,1
4277,물음표,1
4278,산술,1
4279,일말,1
4280,공고,1
4281,애색,1
4282,짓말,1
4283,주자,1
4284,갈라치,1
4285,민족성,1
4286,남북,1
4287,민족,1
4288,천룡,1
4289,다이아,2
4290,브론즈,1
4291,방씨,1
4292,샛기들,1
4293,개이득,1
4294,정설,2
4295,공략,2
4296,내의,2
4297,새우,1
4298,위안,1
4299,열성,1
4300,스탠스,1
4301,후진,1
4302,용주사,1
4303,윰,4
4304,부탁,1
4305,램,2
4306,배알,1
4307,치부,1
4308,이기주의,1
4309,궤변,1
4310,이재명,2
4311,대장동,1
4312,탕해,1
4313,애시,2
4314,접점,1
4315,갈망,1
4316,슈챔분,1
4317,것좀,1
4318,핫키,1
4319,맵핑이제,1
4320,눌렸는데,1
4321,댄스,1
4322,한다해,1
4323,슈챔찍먹,1
4324,답시고,1
4325,걸레,2
4326,덕지덕지,1
4327,유년기,1
4328,두루,1
4329,호환성,1
4330,뻔,2
4331,자처,1
4332,혐,2
4333,여성,3
4334,주차장,1
4335,깜빡,1
4336,환상,2
4337,마셈,1
4338,놈임,1
4339,생략,2
4340,티키,1
4341,코좀,1
4342,자부심,1
4343,함저,1
4344,대하,1
4345,갑론,1
4346,임나,1
4347,반감,1
4348,봄그,1
4349,모이,1
4350,썻으,1
4351,전례,1
4352,중수,1
4353,바배,1
4354,해외,1
4355,스파,1
4356,킹오브,1
4357,겜키,1
4358,광기,1
4359,웃,1
4360,정시,1
4361,주머니,1
4362,멘트,1
4363,전통,1
4364,피시,1
4365,주도,1
4366,선전,2
4367,환의,1
4368,즉슨,1
4369,위닝일레븐,1
4370,고하,1
4371,역임,2
4372,핸들,1
4373,탕수육,2
4374,부어,1
4375,파가,1
4376,동남아,1
4377,우현,1
4378,마쇼,1
4379,업무,1
4380,순삭,1
4381,활,1
4382,용도,1
4383,앞옆,1
4384,댐,3
4385,번임,1
4386,곡선,1
4387,큐늘렀을때,1
4388,로커,1
4389,로또,1
4390,딜레이,1
4391,할떄,1
4392,테크노,1
4393,월드컵,6
4394,슛임,1
4395,정확도,1
4396,대쪽,1
4397,초록색,1
4398,휘,1
4399,게좀,1
4400,글쎄,1
4401,앞뒤,1
4402,볼라,2
4403,플릭,2
4404,키컨키,1
4405,뻇다,1
4406,도리,1
4407,맨드,2
4408,별표,1
4409,마로,1
4410,애로,1
4411,커멘드,1
4412,글쎄요,1
4413,버프되,1
4414,빡셈,2
4415,뻇길,1
4416,망각,1
4417,사망,1
4418,보닌,1
4419,버는중,1
4420,하강,1
4421,음문,1
4422,기재,1
4423,소식,2
4424,제보,1
4425,땡큐,1
4426,알빠,1
4427,갈사,1
4428,장소,1
4429,내알빠,1
4430,배급,1
4431,원정,1
4432,출장,1
4433,핑문제,1
4434,자임,1
4435,판교,1
4436,거치,1
4437,슛팅,2
4438,더볼,2
4439,이키,1
4440,컨,1
4441,맥락,1
4442,등신,1
4443,줮,2
4444,사재기,2
4445,가다가,1
4446,사자,1
4447,저면,1
4448,이제야,1
4449,후회,2
4450,무리,1
4451,로봇,1
4452,넥필보,1
4453,아이템,1
4454,세부,5
4455,놀부,1
4456,칭,1
4457,이어도,1
4458,후보,1
4459,어쩐지,2
4460,아라우,1
4461,고제,1
4462,이력,2
4463,꿀밤,1
4464,싀벌,2
4465,싀벌존,1
4466,님덜,1
4467,원점,1
4468,유튜버,2
4469,출시일,1
4470,개방,1
4471,진국,1
4472,근황,1
4473,성병,1
4474,창궐,1
4475,도쿄,5
4476,매독,9
4477,확산,4
4478,실시,4
4479,김태균,3
4480,번역,1
4481,글씨,1
4482,인쇄,1
4483,신주쿠,1
4484,치카,4
4485,감염,5
4486,코로나,1
4487,전역,1
4488,긴급,2
4489,선포,1
4490,가운데,3
4491,유흥가,1
4492,신주쿠구,4
4493,가부키초,1
4494,마스크,1
4495,도쿄도,5
4496,시민,1
4497,외출,1
4498,자제,1
4499,당부,1
4500,연합뉴스,1
4501,환자,3
4502,급증,1
4503,나흘,1
4504,공영,1
4505,스미다구,2
4506,다마,3
4507,도내,1
4508,지난해,2
4509,남성은,1
4510,플라자,1
4511,지아,1
4512,산업,1
4513,회관,1
4514,상공회의소,1
4515,파르테논,1
4516,캡처,1
4517,사전,1
4518,예약,1
4519,주소,1
4520,당일,1
4521,접촉,6
4522,세균,1
4523,감염증,1
4524,전신,1
4525,발진,2
4526,림프샘,1
4527,부종,1
4528,음부,1
4529,궤양,1
4530,치료,1
4531,심장,1
4532,증상,1
4533,연간,2
4534,번화가,1
4535,신주쿠역,1
4536,기자,2
4537,태평양,1
4538,패전,1
4539,기승,1
4540,항생제,1
4541,정점,1
4542,세로,1
4543,소셜미디어,1
4544,성관계,1
4545,추정,2
4546,성,2
4547,접대,1
4548,종사,1
4549,세도,1
4550,신들,2
4551,발도,1
4552,빡종,1
4553,될떄,1
4554,은근,1
4555,짤렸,1
4556,노미,2
4557,발베,1
4558,부레,1
4559,넥발롬들,1
4560,넥발럼,1
4561,권,1
4562,나락갑니,1
4563,머징,1
4564,돌리지,3
4565,낙하,2
4566,세미,2
4567,점임,1
4568,뭣모르,1
4569,나락,2
4570,맛탱,1
4571,터주,1
4572,달도,1
4573,못하겟,1
4574,장염,1
4575,윈터,1
4576,캠프,1
4577,미등록,1
4578,래서,1
4579,납치,4
4580,본전,1
4581,법좀,1
4582,대기실,1
4583,티남,1
4584,이중,1
4585,불평,1
4586,상당,1
4587,조사,3
4588,어유,1
4589,느꼇던것들,1
4590,디테일,2
4591,리지,2
4592,널,2
4593,참조,1
4594,스페셜,3
4595,레버쿠젠,1
4596,디아비,1
4597,프림,1
4598,퐁,1
4599,모래주머니,1
4600,나중,3
4601,지인피셜,1
4602,박빙,2
4603,결,1
4604,쎼지거,1
4605,러쉬,1
4606,목요일,1
4607,그저께,1
4608,쩐다,1
4609,장작,1
4610,공포,1
4611,판좀,1
4612,무거워,1
4613,셔,1
4614,나유,1
4615,이류,1
4616,시스터,1
4617,팀등,1
4618,관여,1
4619,부디,1
4620,오해,2
4621,노트,1
4622,분류,1
4623,모사,1
4624,실감,1
4625,균형,2
4626,나은,1
4627,한텐,1
4628,투게더,3
4629,업로드,1
4630,거뭐임,1
4631,상대등,2
4632,리더,1
4633,오케이,1
4634,수쿠,1
4635,평,1
4636,꼴링,1
4637,해지,1
4638,신청,1
4639,버근가,1
4640,점때,1
4641,티좀,1
4642,밤길,1
4643,오기,1
4644,상해,1
4645,존버,1
4646,김치,2
4647,단말,1
4648,온갖,1
4649,툴,1
4650,간주,1
4651,천국,1
4652,고핑,3
4653,만월,1
4654,통신망,1
4655,독립,1
4656,동기화,1
4657,성과,1
4658,부라,1
4659,약사,2
4660,노하우,1
4661,쪽지,3
4662,윤창,8
4663,아프리카,3
4664,야간,2
4665,에펜베르크,1
4666,페리,7
4667,그나,5
4668,브리,5
4669,컷팅,1
4670,포스트,1
4671,골기퍼,5
4672,군데,1
4673,로주,1
4674,파포트스,1
4675,보아텡,1
4676,라울,1
4677,메네스,1
4678,한명인,1
4679,바짝,1
4680,발락,2
4681,친후,1
4682,향,1
4683,구나,1
4684,이듭,1
4685,긴장,1
4686,줄때,1
4687,마스터,2
4688,계,2
4689,전과,1
4690,독감,1
4691,감기,1
4692,시청,2
4693,후방,1
4694,섭종안,1
4695,짤꼭,1
4696,이스포츠,1
4697,종은,1
4698,있으묀,1
4699,잔,1
4700,섭종설,1
4701,안심,2
4702,은영,1
4703,종전,1
4704,실천,1
4705,중원,1
4706,페널안,1
4707,흠,1
4708,위협,1
4709,미사,1
4710,미로,1
4711,패사,1
4712,말종,1
4713,엮으,1
4714,발년,1
4715,국뽕,1
4716,면피,1
4717,졸라,1
4718,넥발럼들,1
4719,리해,1
4720,맘속,2
4721,우편,1
4722,토대,1
4723,별거,1
4724,유지니,1
4725,인대,1
4726,껑충,1
4727,미끄럼틀,1
4728,기후,1
4729,헨드폰,1
4730,의대,1
4731,공통,1
4732,호불호,1
4733,손흥민,1
4734,고정운,1
4735,지동원,1
4736,물레,1
4737,타고,2
4738,상급,1
4739,레알마드리드,1
4740,번쨰,1
4741,잉글랜드,1
4742,이상태,2
4743,뤼디거,1
4744,요렌테,1
4745,가레스,1
4746,베일,1
4747,위함,1
4748,비니,1
4749,주니어,1
4750,설,1
4751,나가시,1
4752,축겜빠,1
4753,올해,3
4754,꺾임,1
4755,개뻘글,1
4756,애증,1
4757,맞이,1
4758,새록새록,1
4759,한창,2
4760,모랭커,1
4761,킨거,1
4762,회원,1
4763,기피,3
4764,본의,1
4765,성지글,1
4766,일부분,1
4767,단도직입,1
4768,매장,2
4769,좀비,2
4770,쇼케이스,1
4771,형식,1
4772,유도로,1
4773,득,1
4774,갈이,1
4775,대망,1
4776,라가,1
4777,지식,1
4778,시벌,1
4779,핑때문,1
4780,못하겟다,1
4781,연습기,1
4782,이주,1
4783,감명,2
4784,일종,1
4785,조지,1
4786,전파,1
4787,현피,1
4788,자하,1
4789,갠,1
4790,베트남,1
4791,뇌피셜님,1
4792,오징어,1
4793,개성,1
4794,특색,1
4795,조직,1
4796,윙백,1
4797,로나,1
4798,안면,1
4799,한잔,1
4800,회포,1
4801,고차,1
4802,뭣,1
4803,주시,1
4804,포메팀,1
4805,질리,1
4806,개좃같네손,1
4807,개처,1
4808,발거,1
4809,화로,1
4810,스루,3
4811,최상,1
4812,썻,1
4813,난제,1
4814,뒤질떄,1
4815,슈챔권임,1
4816,고통,2
4817,찐슈챔,1
4818,프딱이,2
4819,영혼,1
4820,부서,1
4821,월첼,1
4822,원트,1
4823,퍼긴,1
4824,걸렷는데,1
4825,손목,1
4826,재업,1
4827,아이디어,1
4828,재도,1
4829,막차,1
4830,몰래,1
4831,백만,1
4832,토악질,1
4833,애무,1
4834,니미럴,1
4835,정우영,2
4836,천년,1
4837,어후,1
4838,에이전트,2
4839,매출,2
4840,아치,1
4841,섭종때,1
4842,환불,1
4843,오피,1
4844,질때,1
4845,벌,1
4846,대체로,1
4847,첼뮌헨,1
4848,역함,1
4849,읍니,1
4850,얼티,1
4851,병행,1
4852,개취,2
4853,물리엔진,1
4854,탕,1
4855,성은,1
4856,주마,2
4857,소규모,1
4858,마일,1
4859,스톤,1
4860,실사,1
4861,드뭄,1
4862,텀을두,1
4863,깡,1
4864,히어로,1
4865,팩,4
4866,도노반,1
4867,스배,3
4868,비슷,1
4869,웹페이지,1
4870,이벤,1
4871,예선,1
4872,마구잡이,1
4873,무관,1
4874,줫밥,1
4875,번작,1
4876,안티,1
4877,치트,1
4878,디디,1
4879,드록바,2
4880,말디니,1
4881,반페르시,1
4882,직,1
4883,드롭,1
4884,대응,4
4885,자세,1
4886,대처,1
4887,부랴부랴,3
4888,표명,1
4889,순식간,1
4890,떡락장,1
4891,쥐뿔,1
4892,뭐건,1
4893,피하,1
4894,세긴,1
4895,학습,1
4896,난관,1
4897,뮤슨,1
4898,촥촥감기,1
4899,뽕,1
4900,계급,1
4901,챔피언쉽,2
4902,텍틱스,2
4903,실용,2
4904,만포,1
4905,누굴,1
4906,국민,2
4907,부상,1
4908,병동,1
4909,구성은,1
4910,얼추,1
4911,웬,1
4912,책상,1
4913,샤프,1
4914,후의,1
4915,조작성,1
4916,가드,2
4917,인터,1
4918,점프,1
4919,뜬공,1
4920,이동,2
4921,트래핑,1
4922,블로킹,1
4923,선정,2
4924,오프사이드,3
4925,동반,2
4926,파울로,1
4927,앵커맨,2
4928,적진,1
4929,취하,1
4930,체이싱,1
4931,어시스트,1
4932,완화,1
4933,리플레이,2
4934,연출,3
4935,관객,1
4936,타월,1
4937,언어,1
4938,착지,1
4939,부자연,2
4940,이얼,1
4941,플랜,2
4942,적페팀,1
4943,갈기,1
4944,라며,1
4945,에디,1
4946,가구,1
4947,감고,1
4948,현무,1
4949,충비,1
4950,한주,1
4951,맛저,1
4952,평타,1
4953,적극성,1
4954,낮췃,1
4955,더니,1
4956,찬가,1
4957,최곤듯,1
4958,사람인,1
4959,십초,1
4960,여름,1
4961,마네,1
4962,케,1
4963,저능,1
4964,감퇴,1
4965,미드필더,1
4966,감차각,1
4967,고원,1
4968,차도,1
4969,이태원,1
4970,참사,2
4971,추모,5
4972,할로,1
4973,로페,1
4974,살기,1
4975,안간힘,1
4976,애도,2
4977,차안,1
4978,시기,1
4979,감정,1
4980,한단,1
4981,상주고,1
4982,야채부락리,1
4983,본정신,1
4984,중소기업,1
4985,조범,3
4986,돈버,1
4987,모자라,1
4988,범,1
4989,돈세탁,1
4990,사주면,1
4991,티스,1
4992,정산,1
4993,반토막,1
4994,소장,1
4995,분노,1
4996,전시,1
4997,키랙,1
4998,안비,1
4999,로안,1
5000,조그만,1
5001,자수,1
5002,박쥐,1
5003,마비,1
5004,사과문,1
5005,개빡쌔,1
5006,날수,2
5007,행복,1
5008,어자피,1
5009,끝물,1
5010,가즈,1
